Date,ppm,decimal,#days,1 yr ago,10 yr ago,since 1800,crude price,past_1,past_2,past_3,past_4,past_5
8/27/00,367.7,2000.6544,5,365.67,351.54,90.35,32.46,,,,,
9/3/00,367.32,2000.6735,6,364.27,351.16,90.35,33.08,32.46,,,,
9/10/00,367.33,2000.6926,6,365.16,351.06,90.65,34.42,33.08,32.46,,,
9/17/00,366.86,2000.7117,7,365.33,351.66,90.36,34.7,34.42,33.08,32.46,,
9/24/00,366.86,2000.7309,5,364.8,351.5,90.42,35.49,34.7,34.42,33.08,32.46,
10/1/00,366.78,2000.75,7,365.22,351.38,90.31,31.13,35.49,34.7,34.42,33.08,32.46
10/8/00,366.88,2000.7691,7,365.4,351.57,90.28,31.27,31.13,35.49,34.7,34.42,33.08
10/15/00,367.14,2000.7883,6,365.61,351.62,90.33,33.9,31.27,31.13,35.49,34.7,34.42
10/22/00,367.62,2000.8074,7,365.81,351.86,90.55,33.48,33.9,31.27,31.13,35.49,34.7
10/29/00,368,2000.8265,7,366.1,352.35,90.62,33.92,33.48,33.9,31.27,31.13,35.49
11/5/00,368.2,2000.8456,5,366.72,352.74,90.5,32.78,33.92,33.48,33.9,31.27,31.13
11/12/00,368.75,2000.8648,7,366.89,353.24,90.71,33.46,32.78,33.92,33.48,33.9,31.27
11/19/00,368.64,2000.8839,4,367.22,353.52,90.26,35,33.46,32.78,33.92,33.48,33.9
11/26/00,368.85,2000.903,6,367.57,353.67,90.16,35.91,35,33.46,32.78,33.92,33.48
12/3/00,369.84,2000.9221,7,367.93,353.92,90.84,34.1,35.91,35,33.46,32.78,33.92
12/10/00,369.83,2000.9413,7,368.06,354.32,90.55,29.69,34.1,35.91,35,33.46,32.78
12/17/00,369.81,2000.9604,7,368.43,354.44,90.28,29.05,29.69,34.1,35.91,35,33.46
12/24/00,370.02,2000.9795,7,368.88,354.92,90.27,27.38,29.05,29.69,34.1,35.91,35
12/31/00,370.34,2000.9986,7,368.87,354.7,90.45,26.52,27.38,29.05,29.69,34.1,35.91
1/7/01,370.46,2001.0178,7,369.05,354.65,90.4,27.8,26.52,27.38,29.05,29.69,34.1
1/14/01,370.84,2001.037,6,369.74,355.22,90.63,28.81,27.8,26.52,27.38,29.05,29.69
1/21/01,370.69,2001.0562,7,370.42,354.85,90.34,30.63,28.81,27.8,26.52,27.38,29.05
1/28/01,371.53,2001.0753,7,369.54,355.44,91.06,31.35,30.63,28.81,27.8,26.52,27.38
2/4/01,371.76,2001.0945,6,369.51,355.44,91.16,29.59,31.35,30.63,28.81,27.8,26.52
2/11/01,372.14,2001.1137,6,369.93,356.14,91.41,30.92,29.59,31.35,30.63,28.81,27.8
2/18/01,371.66,2001.1329,7,369.67,356.36,90.77,29.67,30.92,29.59,31.35,30.63,28.81
2/25/01,371.9,2001.1521,7,370.15,356.16,90.85,28.65,29.67,30.92,29.59,31.35,30.63
3/4/01,372.37,2001.1712,5,370.24,357.1,91.11,27.91,28.65,29.67,30.92,29.59,31.35
3/11/01,372.67,2001.1904,7,370.71,357.85,91.19,28.45,27.91,28.65,29.67,30.92,29.59
3/18/01,372.72,2001.2096,7,371.21,357.04,91,27.02,28.45,27.91,28.65,29.67,30.92
3/25/01,372.58,2001.2288,5,371.07,357.61,90.61,26.42,27.02,28.45,27.91,28.65,29.67
4/1/01,372.63,2001.2479,7,371.28,358.66,90.42,26.86,26.42,27.02,28.45,27.91,28.65
4/8/01,373.79,2001.2671,7,371.91,357.87,91.35,26.76,26.86,26.42,27.02,28.45,27.91
4/15/01,373.9,2001.2863,7,372.71,359,91.25,28.27,26.76,26.86,26.42,27.02,28.45
4/22/01,373.79,2001.3055,7,372.07,359.33,90.99,27.89,28.27,26.76,26.86,26.42,27.02
4/29/01,373.73,2001.3247,5,371.06,359.27,90.82,26.99,27.89,28.27,26.76,26.86,26.42
5/6/01,374.12,2001.3438,4,371.96,358.94,91.15,28.36,26.99,27.89,28.27,26.76,26.86
5/13/01,373.88,2001.363,4,371.59,359.65,90.92,28.12,28.36,26.99,27.89,28.27,26.76
5/20/01,374.09,2001.3822,7,372.3,359.54,91.19,29.08,28.12,28.36,26.99,27.89,28.27
5/27/01,374.07,2001.4014,7,371.98,358.72,91.29,28.92,29.08,28.12,28.36,26.99,27.89
6/3/01,373.65,2001.4205,5,372.06,358.42,91.04,28.44,28.92,29.08,28.12,28.36,26.99
6/10/01,373.23,2001.4397,5,371.85,358.5,90.85,27.98,28.44,28.92,29.08,28.12,28.36
6/17/01,373.3,2001.4589,7,371.99,358.18,91.18,28.9,27.98,28.44,28.92,29.08,28.12
6/24/01,373.2,2001.4781,7,371.49,357.75,91.4,27.09,28.9,27.98,28.44,28.92,29.08
7/1/01,372.66,2001.4973,7,370.49,357.31,91.24,26.37,27.09,28.9,27.98,28.44,28.92
7/8/01,371.52,2001.5164,4,370.37,356.68,90.51,26.87,26.37,27.09,28.9,27.98,28.44
7/15/01,371.48,2001.5356,7,370.15,356.01,90.94,27.07,26.87,26.37,27.09,28.9,27.98
7/22/01,371.04,2001.5548,5,369.58,355.25,91.02,25.26,27.07,26.87,26.37,27.09,28.9
7/29/01,371.06,2001.574,3,369.15,355.55,91.57,26.5,25.26,27.07,26.87,26.37,27.09
8/5/01,370.09,2001.5932,7,368.68,354.65,91.14,27.1,26.5,25.26,27.07,26.87,26.37
8/12/01,369.36,2001.6123,6,368.37,354.09,90.95,27.87,27.1,26.5,25.26,27.07,26.87
8/19/01,369.48,2001.6315,7,367.87,353.24,91.58,27.52,27.87,27.1,26.5,25.26,27.07
8/26/01,369.45,2001.6507,7,367.63,353.1,92.01,27.25,27.52,27.87,27.1,26.5,25.26
9/2/01,368.5,2001.6699,7,367.41,353.07,91.44,26.84,27.25,27.52,27.87,27.1,26.5
9/9/01,368.72,2001.689,6,367.33,352.41,91.95,27.38,26.84,27.25,27.52,27.87,27.1
9/16/01,368.21,2001.7082,7,366.89,351.99,91.64,28.22,27.38,26.84,27.25,27.52,27.87
9/23/01,367.97,2001.7274,6,366.87,351.96,91.49,27.09,28.22,27.38,26.84,27.25,27.52
9/30/01,368.21,2001.7466,7,366.83,351.74,91.72,22.35,27.09,28.22,27.38,26.84,27.25
10/7/01,368.46,2001.7658,7,366.78,352.2,91.87,22.6,22.35,27.09,28.22,27.38,26.84
10/14/01,368.33,2001.7849,7,367.17,352.62,91.56,22.66,22.6,22.35,27.09,28.22,27.38
10/21/01,368.87,2001.8041,7,367.51,352.81,91.86,21.92,22.66,22.6,22.35,27.09,28.22
10/28/01,369.29,2001.8233,7,367.94,353.14,91.99,21.78,21.92,22.66,22.6,22.35,27.09
11/4/01,369.29,2001.8425,6,368.21,353.84,91.67,21.17,21.78,21.92,22.66,22.6,22.35
11/11/01,370.01,2001.8616,3,368.66,353.8,92.06,20.7,21.17,21.78,21.92,22.66,22.6
11/18/01,370.4,2001.8808,6,368.66,353.95,92.12,19.61,20.7,21.17,21.78,21.92,22.66
11/25/01,370.61,2001.9,7,368.78,354.28,92.01,18.28,19.61,20.7,21.17,21.78,21.92
12/2/01,370.96,2001.9192,7,369.69,354.72,92.06,19.13,18.28,19.61,20.7,21.17,21.78
12/9/01,371.4,2001.9384,6,369.9,354.99,92.22,19.47,19.13,18.28,19.61,20.7,21.17
12/16/01,371.44,2001.9575,7,369.77,355.3,92,18.45,19.47,19.13,18.28,19.61,20.7
12/23/01,371.87,2001.9767,6,370.02,355.65,92.2,19.2,18.45,19.47,19.13,18.28,19.61
12/30/01,372.38,2001.9959,7,370.26,356.5,92.53,20.94,19.2,18.45,19.47,19.13,18.28
1/6/02,372.38,2002.0151,7,370.36,356.27,92.32,20.8,20.94,19.2,18.45,19.47,19.13
1/13/02,372.91,2002.0342,7,371.01,356.6,92.67,20.54,20.8,20.94,19.2,18.45,19.47
1/20/02,372.75,2002.0534,7,370.52,356.18,92.34,18.61,20.54,20.8,20.94,19.2,18.45
1/27/02,372.99,2002.0726,4,371.58,356.32,92.41,19.21,18.61,20.54,20.8,20.94,19.2
2/3/02,373.13,2002.0918,7,371.82,357.09,92.4,19.71,19.21,18.61,20.54,20.8,20.94
2/10/02,373.18,2002.111,7,371.83,357.24,92.3,19.97,19.71,19.21,18.61,20.54,20.8
2/17/02,373.26,2002.1301,7,371.81,357.3,92.23,21.18,19.97,19.71,19.21,18.61,20.54
2/24/02,373.91,2002.1493,7,371.67,357.18,92.72,20.7,21.18,19.97,19.71,19.21,18.61
3/3/02,374.06,2002.1685,6,372.51,356.93,92.68,21.43,20.7,21.18,19.97,19.71,19.21
3/10/02,374.31,2002.1877,7,372.69,358.06,92.72,23.31,21.43,20.7,21.18,19.97,19.71
3/17/02,374.81,2002.2068,5,372.69,358.41,93.01,24.4,23.31,21.43,20.7,21.18,19.97
3/24/02,374.45,2002.226,3,372.45,359,92.42,25.25,24.4,23.31,21.43,20.7,21.18
3/31/02,374.43,2002.2452,7,372.73,358.22,92.17,25.86,25.25,24.4,23.31,21.43,20.7
4/7/02,374.7,2002.2644,7,373.69,359.26,92.22,26.99,25.86,25.25,24.4,23.31,21.43
4/14/02,375.4,2002.2836,6,373.76,359.5,92.73,25.24,26.99,25.86,25.25,24.4,23.31
4/21/02,375.59,2002.3027,7,373.85,359.58,92.76,25.54,25.24,26.99,25.86,25.25,24.4
4/28/02,376.23,2002.3219,7,373.74,359.52,93.28,26.46,25.54,25.24,26.99,25.86,25.25
5/5/02,375.76,2002.3411,6,374.12,359.83,92.76,26.88,26.46,25.54,25.24,26.99,25.86
5/12/02,375.24,2002.3603,6,373.88,358.8,92.23,27.27,26.88,26.46,25.54,25.24,26.99
5/19/02,376.1,2002.3795,7,374.03,359.57,93.15,28.43,27.27,26.88,26.46,25.54,25.24
5/26/02,376.41,2002.3986,7,374.15,360.58,93.58,27.18,28.43,27.27,26.88,26.46,25.54
6/2/02,376.07,2002.4178,7,373.8,360.51,93.41,25.22,27.18,28.43,27.27,26.88,26.46
6/9/02,375.62,2002.437,7,373.25,359.63,93.18,25.01,25.22,27.18,28.43,27.27,26.88
6/16/02,375.4,2002.4562,5,373.27,358.98,93.23,24.94,25.01,25.22,27.18,28.43,27.27
6/23/02,375.66,2002.4753,7,373.26,358.81,93.82,25.61,24.94,25.01,25.22,27.18,28.43
6/30/02,374.99,2002.4945,7,372.8,358.81,93.52,26.52,25.61,24.94,25.01,25.22,27.18
7/7/02,374.63,2002.5137,7,371.58,357.6,93.59,26.81,26.52,25.61,24.94,25.01,25.22
7/14/02,374.09,2002.5329,4,371.46,356.9,93.52,26.7,26.81,26.52,25.61,24.94,25.01
7/21/02,373.51,2002.5521,5,371.08,356.64,93.45,27.62,26.7,26.81,26.52,25.61,24.94
7/28/02,373.49,2002.5712,6,371.34,355.46,93.97,26.64,27.62,26.7,26.81,26.52,25.61
8/4/02,372.75,2002.5904,6,370.24,355.39,93.78,26.87,26.64,27.62,26.7,26.81,26.52
8/11/02,371.99,2002.6096,6,369.31,355.66,93.56,26.77,26.87,26.64,27.62,26.7,26.81
8/18/02,371.5,2002.6288,7,369.5,355.29,93.6,28.52,26.77,26.87,26.64,27.62,26.7
8/25/02,371.11,2002.6479,6,369.55,354.31,93.68,30.09,28.52,26.77,26.87,26.64,27.62
9/1/02,370.43,2002.6671,5,368.55,352.92,93.4,28.84,30.09,28.52,26.77,26.87,26.64
9/8/02,371.81,2002.6863,5,368.65,354.27,95.09,28.65,28.84,30.09,28.52,26.77,26.87
9/15/02,371.01,2002.7055,6,368.37,352.67,94.51,29.59,28.65,28.84,30.09,28.52,26.77
9/22/02,370.67,2002.7247,5,367.97,352.61,94.28,29.39,29.59,28.65,28.84,30.09,28.52
9/29/02,370.05,2002.7438,7,368.13,353.12,93.66,30.63,29.39,29.59,28.65,28.84,30.09
10/6/02,370.08,2002.763,7,368.45,353.23,93.6,30.25,30.63,29.39,29.59,28.65,28.84
10/13/02,371.41,2002.7822,7,368.31,353.6,94.76,29.37,30.25,30.63,29.39,29.59,28.65
10/20/02,370.87,2002.8014,7,368.84,353.36,93.99,29.65,29.37,30.25,30.63,29.39,29.59
10/27/02,371.24,2002.8205,7,369.28,353.36,94.07,27.88,29.65,29.37,30.25,30.63,29.39
11/3/02,372.14,2002.8397,7,369.26,354.27,94.66,27.03,27.88,29.65,29.37,30.25,30.63
11/10/02,372.04,2002.8589,7,369.93,354.06,94.23,25.97,27.03,27.88,29.65,29.37,30.25
11/17/02,372.91,2002.8781,7,370.34,354.4,94.77,25.68,25.97,27.03,27.88,29.65,29.37
11/24/02,372.94,2002.8973,6,370.58,354.86,94.49,26.98,25.68,25.97,27.03,27.88,29.65
12/1/02,373.23,2002.9164,7,370.93,354.96,94.46,26.83,26.98,25.68,25.97,27.03,27.88
12/8/02,373.77,2002.9356,7,371.34,355.44,94.72,27.14,26.83,26.98,25.68,25.97,27.03
12/15/02,373.76,2002.9548,7,371.38,355.56,94.43,27.82,27.14,26.83,26.98,25.68,25.97
12/22/02,374.66,2002.974,7,371.88,356.18,95.07,30.35,27.82,27.14,26.83,26.98,25.68
12/29/02,374.88,2002.9932,7,372.28,356.47,95.06,32.38,30.35,27.82,27.14,26.83,26.98
1/5/03,374.73,2003.0123,7,372.28,357.2,94.7,31.96,32.38,30.35,27.82,27.14,26.83
1/12/03,375.21,2003.0315,7,372.84,357.18,94.97,31.54,31.96,32.38,30.35,27.82,27.14
1/19/03,375.1,2003.0507,6,372.92,356.94,94.69,33.04,31.54,31.96,32.38,30.35,27.82
1/26/03,375.48,2003.0699,7,372.77,357.42,94.9,34.46,33.04,31.54,31.96,32.38,30.35
2/2/03,375.35,2003.089,7,373.01,357.11,94.62,33.19,34.46,33.04,31.54,31.96,32.38
2/9/03,375.3,2003.1082,7,373.33,357.31,94.42,33.95,33.19,34.46,33.04,31.54,31.96
2/16/03,376.57,2003.1274,7,373.22,357.37,95.54,35.79,33.95,33.19,34.46,33.04,31.54
2/23/03,376.2,2003.1466,6,373.93,357.88,95.03,36.78,35.79,33.95,33.19,34.46,33.04
3/2/03,376.49,2003.1658,7,373.93,358.61,95.15,36.98,36.78,35.79,33.95,33.19,34.46
3/9/03,376.55,2003.1849,6,374.28,358.74,95.03,36.98,36.98,36.78,35.79,33.95,33.19
3/16/03,376.15,2003.2041,5,374.65,358.39,94.42,36.66,36.98,36.98,36.78,35.79,33.95
3/23/03,377.18,2003.2233,7,374.3,358.3,95.24,30.46,36.66,36.98,36.98,36.78,35.79
3/30/03,377.03,2003.2425,7,374.48,359.3,94.86,30.43,30.46,36.66,36.98,36.98,36.78
4/6/03,377.32,2003.2616,7,374.73,358.77,94.91,29.33,30.43,30.46,36.66,36.98,36.98
4/13/03,377.98,2003.2808,4,375.21,359.22,95.34,28.03,29.33,30.43,30.46,36.66,36.98
4/20/03,378.54,2003.3,7,375.5,359.79,95.71,29.28,28.03,29.33,30.43,30.46,36.66
4/27/03,378.81,2003.3192,7,376.23,359.84,95.83,28.43,29.28,28.03,29.33,30.43,30.46
5/4/03,378.25,2003.3384,6,375.78,359.58,95.17,25.69,28.43,29.28,28.03,29.33,30.43
5/11/03,378.25,2003.3575,7,375.24,360.42,95.14,26.58,25.69,28.43,29.28,28.03,29.33
5/18/03,379.62,2003.3767,7,376.07,360.71,96.55,28.54,26.58,25.69,28.43,29.28,28.03
5/25/03,378.91,2003.3959,7,376.39,360.78,95.94,29.29,28.54,26.58,25.69,28.43,29.28
6/1/03,378.59,2003.4151,6,376.11,359.96,95.81,29.1,29.29,28.54,26.58,25.69,28.43
6/8/03,378.68,2003.4342,4,375.73,359.97,96.14,30.68,29.1,29.29,28.54,26.58,25.69
6/15/03,378.3,2003.4534,7,375.38,359.71,96.07,31.46,30.68,29.1,29.29,28.54,26.58
6/22/03,378.49,2003.4726,6,375.77,359.31,96.62,30.6,31.46,30.68,29.1,29.29,28.54
6/29/03,377.76,2003.4918,6,374.96,358.55,96.29,30.01,30.6,31.46,30.68,29.1,29.29
7/6/03,376.74,2003.511,7,374.69,357.9,95.71,30.31,30.01,30.6,31.46,30.68,29.1
7/13/03,377.41,2003.5301,6,374.22,358.02,96.86,30.73,30.31,30.01,30.6,31.46,30.68
7/20/03,376.57,2003.5493,7,374.02,356.91,96.52,31.48,30.73,30.31,30.01,30.6,31.46
7/27/03,376.08,2003.5685,7,373.21,356.56,96.56,30.61,31.48,30.73,30.31,30.01,30.6
8/3/03,375.12,2003.5877,6,372.84,356.52,96.12,30.73,30.61,31.48,30.73,30.31,30.01
8/10/03,374.9,2003.6068,7,372.34,355.89,96.43,32.11,30.73,30.61,31.48,30.73,30.31
8/17/03,374.06,2003.626,6,371.44,355.39,96.08,31.31,32.11,30.73,30.61,31.48,30.73
8/24/03,373.61,2003.6452,2,370.98,355,96.09,31.19,31.31,32.11,30.73,30.61,31.48
8/31/03,373.37,2003.6644,3,370.65,354.3,96.25,31.56,31.19,31.31,32.11,30.73,30.61
9/7/03,373.3,2003.6836,7,371.57,354.23,96.5,29.2,31.56,31.19,31.31,32.11,30.73
9/14/03,373.05,2003.7027,6,371.17,354.28,96.48,28.92,29.2,31.56,31.19,31.31,32.11
9/21/03,373.51,2003.7219,6,370.67,354.03,97.08,27.39,28.92,29.2,31.56,31.19,31.31
9/28/03,373.45,2003.7411,7,370.1,354.34,97.05,27.73,27.39,28.92,29.2,31.56,31.19
10/5/03,373.09,2003.7603,7,370.1,354.15,96.64,29.43,27.73,27.39,28.92,29.2,31.56
10/12/03,372.95,2003.7795,7,371.24,354.01,96.36,30.69,29.43,27.73,27.39,28.92,29.2
10/19/03,373.6,2003.7986,6,371.05,354.54,96.79,31.49,30.69,29.43,27.73,27.39,28.92
10/26/03,373.56,2003.8178,6,371.1,354.45,96.48,30.17,31.49,30.69,29.43,27.73,27.39
11/2/03,374.14,2003.837,4,372.1,354.77,96.74,29.28,30.17,31.49,30.69,29.43,27.73
11/9/03,374.7,2003.8562,7,372.01,355.16,96.98,29.79,29.28,30.17,31.49,30.69,29.43
11/16/03,375.06,2003.8753,7,372.77,355.81,97.01,31.56,29.79,29.28,30.17,31.49,30.69
11/23/03,375.45,2003.8945,7,372.93,356.15,97.07,32.58,31.56,29.79,29.28,30.17,31.49
11/30/03,375.49,2003.9137,7,373.12,356.3,96.79,30.11,32.58,31.56,29.79,29.28,30.17
12/7/03,375.95,2003.9329,7,373.79,356.67,96.96,30.63,30.11,32.58,31.56,29.79,29.28
12/14/03,376.51,2003.9521,7,373.76,356.98,97.23,32.16,30.63,30.11,32.58,31.56,29.79
12/21/03,376.31,2003.9712,4,374.47,357.57,96.77,33.2,32.16,30.63,30.11,32.58,31.56
12/28/03,376.53,2003.9904,6,374.92,357.6,96.74,32.24,33.2,32.16,30.63,30.11,32.58
1/4/04,376.51,2004.0096,7,374.67,358.31,96.56,32.68,32.24,33.2,32.16,30.63,30.11
1/11/04,377.13,2004.0287,7,375.17,358.31,96.97,33.89,32.68,32.24,33.2,32.16,30.63
1/18/04,377.28,2004.0478,7,375.18,358.46,96.94,34.51,33.89,32.68,32.24,33.2,32.16
1/25/04,378.13,2004.0669,6,375.39,358.41,97.61,35.45,34.51,33.89,32.68,32.24,33.2
2/1/04,378.06,2004.0861,7,375.31,358.34,97.37,33.61,35.45,34.51,33.89,32.68,32.24
2/8/04,378.61,2004.1052,7,375.23,359.09,97.77,33.41,33.61,35.45,34.51,33.89,32.68
2/15/04,377.67,2004.1243,7,376.51,358.93,96.69,33.88,33.41,33.61,35.45,34.51,33.89
2/22/04,377.79,2004.1434,7,376.27,359.54,96.65,35.54,33.88,33.41,33.61,35.45,34.51
2/29/04,378.46,2004.1626,7,376.46,358.82,97.15,36.08,35.54,33.88,33.41,33.61,35.45
3/7/04,379.14,2004.1817,5,376.52,359.78,97.64,36.67,36.08,35.54,33.88,33.41,33.61
3/14/04,379.4,2004.2008,6,376.15,360.62,97.7,36.44,36.67,36.08,35.54,33.88,33.41
3/21/04,378.67,2004.2199,7,377.11,360.91,96.74,37.78,36.44,36.67,36.08,35.54,33.88
3/28/04,379.9,2004.2391,7,377.06,360.78,97.72,36.65,37.78,36.44,36.67,36.08,35.54
4/4/04,380.2,2004.2582,5,377.34,361.23,97.78,35.23,36.65,37.78,36.44,36.67,36.08
4/11/04,380.92,2004.2773,7,377.69,361.16,98.26,35.7,35.23,36.65,37.78,36.44,36.67
4/18/04,380.56,2004.2964,5,378.48,361.24,97.69,37.39,35.7,35.23,36.65,37.78,36.44
4/25/04,380.82,2004.3156,7,378.82,362.34,97.77,37.32,37.39,35.7,35.23,36.65,37.78
5/2/04,380.9,2004.3347,6,378.34,361.94,97.73,37.31,37.32,37.39,35.7,35.23,36.65
5/9/04,380.89,2004.3538,7,378.02,361.45,97.67,39.24,37.31,37.32,37.39,35.7,35.23
5/16/04,380.43,2004.373,7,379.73,361.93,97.24,40.37,39.24,37.31,37.32,37.39,35.7
5/23/04,381.25,2004.3921,5,379.07,361.71,98.16,40.84,40.37,39.24,37.31,37.32,37.39
5/30/04,380.11,2004.4112,7,378.51,361.33,97.21,40.65,40.84,40.37,39.24,37.31,37.32
6/6/04,380.27,2004.4303,6,378.67,361.1,97.62,40.01,40.65,40.84,40.37,39.24,37.31
6/13/04,380.34,2004.4495,3,378.39,361.06,97.99,37.99,40.01,40.65,40.84,40.37,39.24
6/20/04,379.55,2004.4686,5,378.47,360.82,97.57,37.86,37.99,40.01,40.65,40.84,40.37
6/27/04,379.32,2004.4877,5,377.89,360.08,97.75,37.7,37.86,37.99,40.01,40.65,40.84
7/4/04,378.51,2004.5068,4,376.73,360.03,97.38,37.14,37.7,37.86,37.99,40.01,40.65
7/11/04,378.07,2004.526,5,377.4,359.73,97.43,39.73,37.14,37.7,37.86,37.99,40.01
7/18/04,376.92,2004.5451,7,376.63,359.24,96.78,40.33,39.73,37.14,37.7,37.86,37.99
7/25/04,376.59,2004.5642,6,376.07,359.05,96.97,41.27,40.33,39.73,37.14,37.7,37.86
8/1/04,376.91,2004.5833,4,375.47,358.38,97.81,42.5,41.27,40.33,39.73,37.14,37.7
8/8/04,376.41,2004.6025,6,374.87,358.07,97.84,43.81,42.5,41.27,40.33,39.73,37.14
8/15/04,375.95,2004.6216,4,373.96,357.76,97.88,45.24,43.81,42.5,41.27,40.33,39.73
8/22/04,376.27,2004.6407,2,374.08,356.68,98.67,47.28,45.24,43.81,42.5,41.27,40.33
8/29/04,374.17,2004.6598,1,373.18,356.34,96.99,44.34,47.28,45.24,43.81,42.5,41.27
9/5/04,374.62,2004.679,6,373.45,356.69,97.79,43.28,44.34,47.28,45.24,43.81,42.5
9/12/04,374.23,2004.6981,4,372.95,355.15,97.65,43.33,43.28,44.34,47.28,45.24,43.81
9/19/04,374.57,2004.7172,3,373.47,355.76,98.17,44.39,43.33,43.28,44.34,47.28,45.24
9/26/04,374.48,2004.7363,3,373.44,355.51,98.14,47.82,44.39,43.33,43.28,44.34,47.28
10/3/04,374.16,2004.7555,5,373.12,355.84,97.78,49.71,47.82,44.39,43.33,43.28,44.34
10/10/04,374.4,2004.7746,7,372.99,356.05,97.88,51.77,49.71,47.82,44.39,43.33,43.28
10/17/04,374.74,2004.7937,7,373.48,356.38,98.02,54.12,51.77,49.71,47.82,44.39,43.33
10/24/04,375.13,2004.8128,7,373.58,356.64,98.15,54.43,54.12,51.77,49.71,47.82,44.39
10/31/04,375.48,2004.832,6,374.2,356.85,98.2,53.43,54.43,54.12,51.77,49.71,47.82
11/7/04,375.63,2004.8511,7,374.51,357.18,98.01,49.81,53.43,54.43,54.12,51.77,49.71
11/14/04,376.98,2004.8702,7,375.08,358.3,99.03,48,49.81,53.43,54.43,54.12,51.77
11/21/04,376.9,2004.8893,7,375.46,357.83,98.61,47.02,48,49.81,53.43,54.43,54.12
11/28/04,376.99,2004.9085,7,375.45,358.29,98.39,48.79,47.02,48,49.81,53.43,54.43
12/5/04,377.72,2004.9276,7,375.76,358.94,98.82,46.06,48.79,47.02,48,49.81,53.43
12/12/04,377.4,2004.9467,7,376.59,359.48,98.23,41.91,46.06,48.79,47.02,48,49.81
12/19/04,377.95,2004.9658,7,376.29,358.86,98.52,43.5,41.91,46.06,48.79,47.02,48
12/26/04,377.99,2004.985,6,376.52,359.45,98.32,44.39,43.5,41.91,46.06,48.79,47.02
1/2/05,378.36,2005.0041,7,376.53,359.82,98.43,42.52,44.39,43.5,41.91,46.06,48.79
1/9/05,378.61,2005.0233,7,377.07,359.98,98.46,44.07,42.52,44.39,43.5,41.91,46.06
1/16/05,378.52,2005.0425,7,377.12,360.35,98.18,46.79,44.07,42.52,44.39,43.5,41.91
1/23/05,378.8,2005.0616,7,378.07,360.11,98.3,47.85,46.79,44.07,42.52,44.39,43.5
1/30/05,379.59,2005.0808,6,378.08,360.28,98.94,48.56,47.85,46.79,44.07,42.52,44.39
2/6/05,379.4,2005.1,6,378.58,361.05,98.63,46.97,48.56,47.85,46.79,44.07,42.52
2/13/05,380.1,2005.1192,5,377.84,361.13,99.21,46.08,46.97,48.56,47.85,46.79,44.07
2/20/05,380.06,2005.1384,7,377.62,361.14,99.04,47.82,46.08,46.97,48.56,47.85,46.79
2/27/05,381.54,2005.1575,5,378.51,362.1,100.39,51.75,47.82,46.08,46.97,48.56,47.85
3/6/05,380.24,2005.1767,5,379.09,361.71,98.92,52.74,51.75,47.82,46.08,46.97,48.56
3/13/05,381.46,2005.1959,7,379.22,361.25,99.96,54.22,52.74,51.75,47.82,46.08,46.97
3/20/05,380.4,2005.2151,7,378.78,361.88,98.67,55.93,54.22,52.74,51.75,47.82,46.08
3/27/05,381.95,2005.2342,6,379.82,363.42,99.98,52.95,55.93,54.22,52.74,51.75,47.82
4/3/05,382.49,2005.2534,6,379.87,363.7,100.25,54.97,52.95,55.93,54.22,52.74,51.75
4/10/05,382.28,2005.2726,5,380.91,363.12,99.78,55.24,54.97,52.95,55.93,54.22,52.74
4/17/05,382.35,2005.2918,7,380.47,363.13,99.6,51.44,55.24,54.97,52.95,55.93,54.22
4/24/05,382.76,2005.311,6,380.97,363.6,99.8,52.39,51.44,55.24,54.97,52.95,55.93
5/1/05,382.13,2005.3301,7,380.74,362.96,99.02,52,52.39,51.44,55.24,54.97,52.95
5/8/05,382.15,2005.3493,7,381,364.03,98.95,50.64,52,52.39,51.44,55.24,54.97
5/15/05,382.82,2005.3685,7,380.35,364.49,99.61,50.33,50.64,52,52.39,51.44,55.24
5/22/05,383.2,2005.3877,7,381.17,363.73,100.07,47.77,50.33,50.64,52,52.39,51.44
5/29/05,382.98,2005.4068,7,380.41,364.02,100.01,50.15,47.77,50.33,50.64,52,52.39
6/5/05,382.82,2005.426,7,380.06,363.82,100.07,53.76,50.15,47.77,50.33,50.64,52
6/12/05,382.6,2005.4452,6,380.39,363.08,100.14,53.74,53.76,50.15,47.77,50.33,50.64
6/19/05,382.13,2005.4644,7,379.56,363.01,100.03,56.18,53.74,53.76,50.15,47.77,50.33
6/26/05,381.56,2005.4836,6,379.38,362.56,99.85,59.04,56.18,53.74,53.76,50.15,47.77
7/3/05,381.28,2005.5027,6,378.7,362.39,100.02,58.21,59.04,56.18,53.74,53.76,50.15
7/10/05,381.05,2005.5219,6,378.12,362.19,100.26,60.36,58.21,59.04,56.18,53.74,53.76
7/17/05,380.95,2005.5411,7,377.02,361.47,100.65,59.18,60.36,58.21,59.04,56.18,53.74
7/24/05,380.34,2005.5603,7,376.85,360.94,100.57,57.3,59.18,60.36,58.21,59.04,56.18
7/31/05,380.03,2005.5795,6,376.71,360.34,100.79,59.39,57.3,59.18,60.36,58.21,59.04
8/7/05,379.1,2005.5986,6,376.49,359.8,100.39,61.64,59.39,57.3,59.18,60.36,58.21
8/14/05,379.02,2005.6178,7,375.97,358.82,100.83,64.85,61.64,59.39,57.3,59.18,60.36
8/21/05,378.18,2005.637,6,376.2,358.95,100.47,64.92,64.85,61.64,59.39,57.3,59.18
8/28/05,378.14,2005.6562,4,374.17,358,100.86,66.34,64.92,64.85,61.64,59.39,57.3
9/4/05,377.55,2005.6753,6,374.69,358.44,100.62,68.47,66.34,64.92,64.85,61.64,59.39
9/11/05,376.41,2005.6945,7,374.2,358.8,99.75,64.81,68.47,66.34,64.92,64.85,61.64
9/18/05,376.53,2005.7137,6,374.52,358.79,100.04,63.84,64.81,68.47,66.34,64.92,64.85
9/25/05,376.64,2005.7329,7,374.6,357.75,100.22,66.43,63.84,64.81,68.47,66.34,64.92
10/2/05,376.83,2005.7521,7,374.17,357.93,100.39,66.06,66.43,63.84,64.81,68.47,66.34
10/9/05,377.1,2005.7712,4,374.39,357.84,100.54,63.06,66.06,66.43,63.84,64.81,68.47
10/16/05,-999.99,2005.7904,0,374.67,358.21,-999.99,62.87,63.06,66.06,66.43,63.84,64.81
10/23/05,377.7,2005.8096,2,375.07,358.44,100.71,62.28,62.87,63.06,66.06,66.43,63.84
10/30/05,378,2005.8288,3,375.43,359.02,100.73,61.33,62.28,62.87,63.06,66.06,66.43
11/6/05,378.14,2005.8479,7,375.64,359.3,100.55,60.34,61.33,62.28,62.87,63.06,66.06
11/13/05,379.05,2005.8671,5,376.85,359.75,101.15,58.8,60.34,61.33,62.28,62.87,63.06
11/20/05,378.67,2005.8863,4,376.86,359.98,100.46,57,58.8,60.34,61.33,62.28,62.87
11/27/05,379.22,2005.9055,7,376.89,360.01,100.68,58.13,57,58.8,60.34,61.33,62.28
12/4/05,380.12,2005.9247,6,377.64,360.43,101.29,57.78,58.13,57,58.8,60.34,61.33
12/11/05,380.37,2005.9438,7,377.47,360.71,101.25,59.83,57.78,58.13,57,58.8,60.34
12/18/05,380.44,2005.963,4,377.91,360.8,101.04,60.32,59.83,57.78,58.13,57,58.8
12/25/05,380.69,2005.9822,6,377.93,361.65,101.03,57.97,60.32,59.83,57.78,58.13,57
1/1/06,381.46,2006.0014,3,378.33,361.98,101.58,59.82,57.97,60.32,59.83,57.78,58.13
1/8/06,381.4,2006.0205,7,378.56,362.37,101.3,63.39,59.82,57.97,60.32,59.83,57.78
1/15/06,381.75,2006.0397,4,378.54,362.06,101.45,63.74,63.39,59.82,57.97,60.32,59.83
1/22/06,381.82,2006.0589,7,378.74,362.37,101.33,66.79,63.74,63.39,59.82,57.97,60.32
1/29/06,381.82,2006.0781,6,379.5,362.52,101.19,66.82,66.79,63.74,63.39,59.82,57.97
2/5/06,382.49,2006.0973,5,379.38,363.44,101.71,66.59,66.82,66.79,63.74,63.39,59.82
2/12/06,382.8,2006.1164,7,380.29,362.91,101.9,63.06,66.59,66.82,66.79,63.74,63.39
2/19/06,382.13,2006.1356,7,379.83,363.92,101.1,59.37,63.06,66.59,66.82,66.79,63.74
2/26/06,382.33,2006.1548,7,381.37,363.9,101.17,59.93,59.37,63.06,66.59,66.82,66.79
3/5/06,383.08,2006.174,6,380.16,364.02,101.76,62.27,59.93,59.37,63.06,66.59,66.82
3/12/06,383.06,2006.1932,7,381.53,363.97,101.55,60.89,62.27,59.93,59.37,63.06,66.59
3/19/06,383.09,2006.2123,6,380.6,364.7,101.37,62.64,60.89,62.27,59.93,59.37,63.06
3/26/06,382.62,2006.2315,6,381.5,364.49,100.65,61.36,62.64,60.89,62.27,59.93,59.37
4/2/06,384.37,2006.2507,4,382.45,364.61,102.13,65.67,61.36,62.64,60.89,62.27,59.93
4/9/06,384.96,2006.2699,6,382.32,364.56,102.46,66.56,65.67,61.36,62.64,60.89,62.27
4/16/06,385.05,2006.289,7,382.3,364.75,102.3,68.85,66.56,65.67,61.36,62.64,60.89
4/23/06,384.94,2006.3082,7,382.67,364.85,101.97,71.87,68.85,66.56,65.67,61.36,62.64
4/30/06,385.07,2006.3274,6,382.37,365.17,101.94,70.38,71.87,68.85,66.56,65.67,61.36
5/7/06,385.21,2006.3466,6,382.02,364.85,101.99,72.14,70.38,71.87,68.85,66.56,65.67
5/14/06,385.51,2006.3658,5,382.76,365.51,102.28,71.5,72.14,70.38,71.87,68.85,66.56
5/21/06,385.14,2006.3849,6,383.21,365.39,101.99,69.07,71.5,72.14,70.38,71.87,68.85
5/28/06,384.85,2006.4041,5,383.01,365.14,101.85,70.35,69.07,71.5,72.14,70.38,71.87
6/4/06,384.37,2006.4233,6,382.81,365.27,101.6,71.53,70.35,69.07,71.5,72.14,70.38
6/11/06,384.46,2006.4425,7,382.6,365.22,101.99,71.54,71.53,70.35,69.07,71.5,72.14
6/18/06,384.12,2006.4616,6,382.26,365.27,102,69.48,71.54,71.53,70.35,69.07,71.5
6/25/06,383.63,2006.4808,7,381.58,364.53,101.91,69.94,69.48,71.54,71.53,70.35,69.07
7/2/06,383.3,2006.5,6,381.35,364.49,102.01,72.65,69.94,69.48,71.54,71.53,70.35
7/9/06,383.01,2006.5192,5,381.07,363.8,102.19,74.65,72.65,69.94,69.48,71.54,71.53
7/16/06,381.98,2006.5384,4,381.03,363.64,101.64,75.21,74.65,72.65,69.94,69.48,71.54
7/23/06,382.3,2006.5575,6,380.36,363.25,102.47,73.98,75.21,74.65,72.65,69.94,69.48
7/30/06,381.7,2006.5767,7,380.02,362.1,102.38,73.87,73.98,75.21,74.65,72.65,69.94
8/6/06,380.78,2006.5959,5,379.22,362.19,101.98,75.2,73.87,73.98,75.21,74.65,72.65
8/13/06,380.59,2006.6151,6,379.18,361.77,102.3,75.63,75.2,73.87,73.98,75.21,74.65
8/20/06,379.98,2006.6342,6,378.38,361.13,102.17,71.79,75.63,75.2,73.87,73.98,75.21
8/27/06,379.74,2006.6534,6,378.01,360.99,102.38,72.12,71.79,75.63,75.2,73.87,73.98
9/3/06,378.81,2006.6726,5,377.55,360.09,101.81,70.01,72.12,71.79,75.63,75.2,73.87
9/10/06,379.36,2006.6918,5,376.32,360.23,102.66,67.53,70.01,72.12,71.79,75.63,75.2
9/17/06,378.86,2006.711,7,376.59,358.88,102.35,63.98,67.53,70.01,72.12,71.79,75.63
9/24/06,379.06,2006.7301,7,376.67,359.33,102.65,61.4,63.98,67.53,70.01,72.12,71.79
10/1/06,379.11,2006.7493,5,376.78,359.39,102.7,61.94,61.4,63.98,67.53,70.01,72.12
10/8/06,379.09,2006.7685,7,377.06,359.61,102.58,59.77,61.94,61.4,63.98,67.53,70.01
10/15/06,379.12,2006.7877,4,-999.99,359.95,102.44,58.58,59.77,61.94,61.4,63.98,67.53
10/22/06,379.67,2006.8068,4,377.67,359.72,102.75,58.48,58.58,59.77,61.94,61.4,63.98
10/29/06,379.84,2006.826,7,377.86,360.14,102.63,58.88,58.48,58.58,59.77,61.94,61.4
11/5/06,379.96,2006.8452,7,378.22,360.5,102.44,58.55,58.88,58.48,58.58,59.77,61.94
11/12/06,380.19,2006.8644,7,378.73,361.04,102.35,59.96,58.55,58.88,58.48,58.58,59.77
11/19/06,380.57,2006.8836,7,378.85,361.58,102.41,57.56,59.96,58.55,58.88,58.48,58.58
11/26/06,381.44,2006.9027,6,378.99,361.39,102.96,57.24,57.56,59.96,58.55,58.88,58.48
12/3/06,381.67,2006.9219,7,380.1,362.1,102.9,62.02,57.24,57.56,59.96,58.55,58.88
12/10/06,381.9,2006.9411,7,380.36,362.26,102.84,62.32,62.02,57.24,57.56,59.96,58.55
12/17/06,382.39,2006.9603,5,380.28,362.65,103.05,61.91,62.32,62.02,57.24,57.56,59.96
12/24/06,382.18,2006.9795,5,380.72,362.51,102.58,62.4,61.91,62.32,62.02,57.24,57.56
12/31/06,382.29,2006.9986,7,381.47,362.95,102.52,60.66,62.4,61.91,62.32,62.02,57.24
1/7/07,383.14,2007.0178,3,381.33,363.13,103.12,57.76,60.66,62.4,61.91,62.32,62.02
1/14/07,382.65,2007.037,5,381.79,363.2,102.41,54.11,57.76,60.66,62.4,61.91,62.32
1/21/07,383.77,2007.0562,6,381.74,363.62,103.3,51.51,54.11,57.76,60.66,62.4,61.91
1/28/07,383.88,2007.0753,7,381.73,363.39,103.23,53.57,51.51,54.11,57.76,60.66,62.4
2/4/07,383.48,2007.0945,7,382.5,363.81,102.66,57.11,53.57,51.51,54.11,57.76,60.66
2/11/07,385.03,2007.1137,4,382.91,364.38,104.06,58.99,57.11,53.57,51.51,54.11,57.76
2/18/07,384.93,2007.1329,3,382.08,363.82,103.83,58.41,58.99,57.11,53.57,51.51,54.11
2/25/07,384.22,2007.1521,7,382.25,364.91,102.99,59.57,58.41,58.99,57.11,53.57,51.51
3/4/07,383.62,2007.1712,7,383.02,363.99,102.24,61.64,59.57,58.41,58.99,57.11,53.57
3/11/07,384.55,2007.1904,6,383.05,364.34,103,60.85,61.64,59.57,58.41,58.99,57.11
3/18/07,385.29,2007.2096,6,383.2,364.87,103.53,57.94,60.85,61.64,59.57,58.41,58.99
3/25/07,386.08,2007.2288,5,382.64,365.4,104.08,58.26,57.94,60.85,61.64,59.57,58.41
4/1/07,386.07,2007.2479,6,383.99,365.98,103.8,64.18,58.26,57.94,60.85,61.64,59.57
4/8/07,385.93,2007.2671,5,385.07,366.14,103.38,64.82,64.18,58.26,57.94,60.85,61.64
4/15/07,387.51,2007.2863,7,385.06,366.7,104.69,62.58,64.82,64.18,58.26,57.94,60.85
4/22/07,387.18,2007.3055,5,384.94,366.96,104.13,63.06,62.58,64.82,64.18,58.26,57.94
4/29/07,386.82,2007.3247,7,385.05,366.54,103.6,65.26,63.06,62.58,64.82,64.18,58.26
5/6/07,386.46,2007.3438,7,385.18,366.79,103.14,63.82,65.26,63.06,62.58,64.82,64.18
5/13/07,386.88,2007.363,6,385.44,367,103.55,61.9,63.82,65.26,63.06,62.58,64.82
5/20/07,386.74,2007.3822,7,385.45,366.85,103.5,63.61,61.9,63.82,65.26,63.06,62.58
5/27/07,387.14,2007.4014,6,384.62,366.61,104.08,64.89,63.61,61.9,63.82,65.26,63.06
6/3/07,387.13,2007.4205,7,384.36,366.21,104.33,63.94,64.89,63.61,61.9,63.82,65.26
6/10/07,386.66,2007.4397,6,384.63,365.87,104.18,65.9,63.94,64.89,63.61,61.9,63.82
6/17/07,385.93,2007.4589,6,384.12,365.46,103.83,66.62,65.9,63.94,64.89,63.61,61.9
6/24/07,385.27,2007.4781,5,383.69,365.35,103.58,68.78,66.62,65.9,63.94,64.89,63.61
7/1/07,385.61,2007.4973,7,383.32,365.09,104.36,69.13,68.78,66.62,65.9,63.94,64.89
7/8/07,385.35,2007.5164,7,383.03,365.08,104.55,71.78,69.13,68.78,66.62,65.9,63.94
7/15/07,384.32,2007.5356,6,382.03,364.26,103.98,72.79,71.78,69.13,68.78,66.62,65.9
7/22/07,384.04,2007.5548,4,382.25,364.01,104.19,74.92,72.79,71.78,69.13,68.78,66.62
7/29/07,383.11,2007.574,7,381.81,363.56,103.76,75.15,74.92,72.79,71.78,69.13,68.78
8/5/07,382.7,2007.5932,3,380.8,363.35,103.85,76.75,75.15,74.92,72.79,71.78,69.13
8/12/07,382.11,2007.6123,7,380.72,362.44,103.77,71.92,76.75,75.15,74.92,72.79,71.78
8/19/07,382.33,2007.6315,4,380.05,361.32,104.47,72.05,71.92,76.75,75.15,74.92,72.79
8/26/07,381.86,2007.6507,4,379.96,361.75,104.46,70.19,72.05,71.92,76.75,75.15,74.92
9/2/07,381.76,2007.6699,5,378.79,361.53,104.75,72.93,70.19,72.05,71.92,76.75,75.15
9/9/07,380.88,2007.689,5,379.28,360.08,104.19,75.96,72.93,70.19,72.05,71.92,76.75
9/16/07,381.03,2007.7082,3,378.9,360.45,104.57,78.95,75.96,72.93,70.19,72.05,71.92
9/23/07,380.91,2007.7274,7,378.94,360,104.56,82.26,78.95,75.96,72.93,70.19,72.05
9/30/07,381.12,2007.7466,7,379.17,360.21,104.77,81.7,82.26,78.95,75.96,72.93,70.19
10/7/07,381.19,2007.7658,6,379,360.78,104.74,80.59,81.7,82.26,78.95,75.96,72.93
10/14/07,381.27,2007.7849,6,379.24,360.9,104.65,81.46,80.59,81.7,82.26,78.95,75.96
10/21/07,381.59,2007.8041,7,379.54,361.2,104.71,87.8,81.46,80.59,81.7,82.26,78.95
10/28/07,382,2007.8233,7,379.86,361.56,104.84,89.23,87.8,81.46,80.59,81.7,82.26
11/4/07,382.26,2007.8425,7,379.94,362.28,104.78,93.46,89.23,87.8,81.46,80.59,81.7
11/11/07,382.46,2007.8616,7,380.16,362.3,104.65,95.81,93.46,89.23,87.8,81.46,80.59
11/18/07,383.29,2007.8808,7,380.4,362.8,105.18,93.56,95.81,93.46,89.23,87.8,81.46
11/25/07,383.12,2007.9,6,381.39,363.51,104.71,97.93,93.56,95.81,93.46,89.23,87.8
12/2/07,383.91,2007.9192,4,381.6,364.16,105.22,92.47,97.93,93.56,95.81,93.46,89.23
12/9/07,383.95,2007.9384,6,381.79,364.21,104.99,88.71,92.47,97.93,93.56,95.81,93.46
12/16/07,384.63,2007.9575,5,382.52,364.44,105.41,91.18,88.71,92.47,97.93,93.56,95.81
12/23/07,384.18,2007.9767,5,382.19,364.94,104.7,91.16,91.18,88.71,92.47,97.93,93.56
12/30/07,385.02,2007.9959,7,382.28,365.24,105.24,95.64,91.16,91.18,88.71,92.47,97.93
1/6/08,384.67,2008.015,7,382.84,365.51,104.65,98.17,95.64,91.16,91.18,88.71,92.47
1/13/08,386.05,2008.0342,7,382.59,365.31,105.82,94.76,98.17,95.64,91.16,91.18,88.71
1/20/08,386.25,2008.0533,7,383.52,365.26,105.83,91.51,94.76,98.17,95.64,91.16,91.18
1/27/08,387.02,2008.0724,7,383.96,365.42,106.43,89.41,91.51,94.76,98.17,95.64,91.16
2/3/08,386.25,2008.0915,7,383.45,366.19,105.51,91.14,89.41,91.51,94.76,98.17,95.64
2/10/08,386.2,2008.1107,7,384.96,365.67,105.32,89.08,91.14,89.41,91.51,94.76,98.17
2/17/08,385.54,2008.1298,5,385.32,365.91,104.53,94.13,89.08,91.14,89.41,91.51,94.76
2/24/08,385.62,2008.1489,6,384.19,367.02,104.48,99.61,94.13,89.08,91.14,89.41,91.51
3/2/08,386.06,2008.168,6,383.68,367.35,104.78,100.84,99.61,94.13,89.08,91.14,89.41
3/9/08,385.95,2008.1872,7,384.43,366.62,104.5,103.44,100.84,99.61,94.13,89.08,91.14
3/16/08,386.08,2008.2063,7,385.11,366.91,104.43,109.35,103.44,100.84,99.61,94.13,89.08
3/23/08,386.97,2008.2254,7,385.85,368.09,105.09,105.28,109.35,103.44,100.84,99.61,94.13
3/30/08,388.31,2008.2445,7,386.24,369.02,106.19,104.49,105.28,109.35,103.44,100.84,99.61
4/6/08,386.98,2008.2637,6,386.04,368.47,104.6,103.46,104.49,105.28,109.35,103.44,100.84
4/13/08,386.72,2008.2828,7,387.23,368.46,104.09,109.71,103.46,104.49,105.28,109.35,103.44
4/20/08,387.58,2008.3019,3,387.26,368.64,104.72,114.33,109.71,103.46,104.49,105.28,109.35
4/27/08,387.52,2008.321,6,386.94,369.86,104.48,118.53,114.33,109.71,103.46,104.49,105.28
5/4/08,388.77,2008.3402,6,386.33,369.65,105.62,115.42,118.53,114.33,109.71,103.46,104.49
5/11/08,389.11,2008.3593,5,386.88,368.52,105.92,123.01,115.42,118.53,114.33,109.71,103.46
5/18/08,389.13,2008.3784,5,386.58,369.79,105.99,124.96,123.01,115.42,118.53,114.33,109.71
5/25/08,388.82,2008.3975,6,387.26,370.12,105.8,130.14,124.96,123.01,115.42,118.53,114.33
6/1/08,388.76,2008.4167,7,387.11,369.62,105.94,128.47,130.14,124.96,123.01,115.42,118.53
6/8/08,387.74,2008.4358,6,386.71,369.25,105.19,128.16,128.47,130.14,124.96,123.01,115.42
6/15/08,388.11,2008.4549,6,386.2,368.91,105.89,134.8,128.16,128.47,130.14,124.96,123.01
6/22/08,387.53,2008.474,4,385.31,368.85,105.69,134.34,134.8,128.16,128.47,130.14,124.96
6/29/08,-999.99,2008.4932,0,385.53,368.22,-999.99,137,134.34,134.8,128.16,128.47,130.14
7/6/08,-999.99,2008.5123,0,385.38,368.88,-999.99,142.52,137,134.34,134.8,128.16,128.47
7/13/08,-999.99,2008.5314,0,384.45,367.73,-999.99,139.95,142.52,137,134.34,134.8,128.16
7/20/08,386.61,2008.5505,5,384.1,367.74,106.57,135.37,139.95,142.52,137,134.34,134.8
7/27/08,385.14,2008.5697,7,383.53,367.4,105.61,125.92,135.37,139.95,142.52,137,134.34
8/3/08,385.46,2008.5888,6,382.69,366.88,106.45,124.57,125.92,135.37,139.95,142.52,137
8/10/08,384.17,2008.6079,5,382.01,366.32,105.66,118.8,124.57,125.92,135.37,139.95,142.52
8/17/08,383.91,2008.627,6,382.27,365.64,105.89,114.4,118.8,124.57,125.92,135.37,139.95
8/24/08,383.52,2008.6462,6,381.86,365.51,105.95,115.7,114.4,118.8,124.57,125.92,135.37
8/31/08,383.73,2008.6653,6,381.92,364.85,106.56,116.09,115.7,114.4,118.8,124.57,125.92
9/7/08,383.26,2008.6844,6,380.93,364.29,106.42,108.37,116.09,115.7,114.4,118.8,124.57
9/14/08,383.6,2008.7036,5,381.11,363.78,106.99,102.88,108.37,116.09,115.7,114.4,118.8
9/21/08,383.28,2008.7227,7,380.86,363.74,106.81,97.19,102.88,108.37,116.09,115.7,114.4
9/28/08,382.97,2008.7418,7,381.17,364.26,106.53,111.12,97.19,102.88,108.37,116.09,115.7
10/5/08,383.1,2008.7609,5,381.18,364.21,106.6,96.59,111.12,97.19,102.88,108.37,116.09
10/12/08,383.07,2008.7801,7,381.21,364.47,106.43,86.24,96.59,111.12,97.19,102.88,108.37
10/19/08,383.29,2008.7992,6,381.56,364.67,106.43,75.19,86.24,96.59,111.12,97.19,102.88
10/26/08,384.21,2008.8183,2,381.93,364.97,107.09,68.56,75.19,86.24,96.59,111.12,97.19
11/2/08,384.01,2008.8374,6,382.23,365.14,106.59,65.21,68.56,75.19,86.24,96.59,111.12
11/9/08,384.33,2008.8566,7,382.4,365.6,106.6,64.31,65.21,68.56,75.19,86.24,96.59
11/16/08,384.57,2008.8757,6,383.25,366.1,106.52,58.6,64.31,65.21,68.56,75.19,86.24
11/23/08,384.72,2008.8948,7,383.08,366.01,106.36,52.26,58.6,64.31,65.21,68.56,75.19
11/30/08,385.28,2008.9139,7,383.92,366.85,106.63,53.27,52.26,58.6,64.31,65.21,68.56
12/7/08,385.52,2008.9331,7,383.94,366.95,106.59,45.6,53.27,52.26,58.6,64.31,65.21
12/14/08,385.77,2008.9522,7,384.7,367.49,106.56,44.57,45.6,53.27,52.26,58.6,64.31
12/21/08,386.15,2008.9713,7,384.18,367.45,106.69,39.7,44.57,45.6,53.27,52.26,58.6
12/28/08,386.46,2008.9904,5,384.96,367.78,106.65,32.98,39.7,44.57,45.6,53.27,52.26
1/4/09,386.63,2009.0096,7,384.7,368.13,106.58,42.4,32.98,39.7,44.57,45.6,53.27
1/11/09,387.24,2009.0288,7,385.85,368.11,106.98,44.46,42.4,32.98,39.7,44.57,45.6
1/18/09,387.37,2009.0479,7,386.11,368.05,106.91,36.73,44.46,42.4,32.98,39.7,44.57
1/25/09,387.74,2009.0671,6,387.07,369.44,107.12,42.15,36.73,44.46,42.4,32.98,39.7
2/1/09,387.25,2009.0863,6,386.27,369.38,106.5,42.7,42.15,36.73,44.46,42.4,32.98
2/8/09,387.16,2009.1055,6,386.28,369.36,106.3,40.78,42.7,42.15,36.73,44.46,42.4
2/15/09,387.84,2009.1247,7,385.61,368.68,106.88,36.94,40.78,42.7,42.15,36.73,44.46
2/22/09,388.45,2009.1438,7,385.72,369.23,107.39,37.15,36.94,40.78,42.7,42.15,36.73
3/1/09,389.3,2009.163,6,385.89,368.25,108.12,41.1,37.15,36.94,40.78,42.7,42.15
3/8/09,389.03,2009.1822,6,386,369.55,107.69,43.18,41.1,37.15,36.94,40.78,42.7
3/15/09,388.42,2009.2014,7,386.07,370.34,106.89,45.66,43.18,41.1,37.15,36.94,40.78
3/22/09,389.51,2009.2205,6,386.89,370.93,107.75,49.49,45.66,43.18,41.1,37.15,36.94
3/29/09,389.26,2009.2397,7,388.06,370.64,107.23,52.99,49.49,45.66,43.18,41.1,37.15
4/5/09,389.65,2009.2589,7,387.32,371.95,107.33,50.34,52.99,49.49,45.66,43.18,41.1
4/12/09,389.15,2009.2781,6,386.68,371.54,106.55,50.46,50.34,52.99,49.49,45.66,43.18
4/19/09,389.78,2009.2973,7,386.8,370.42,106.93,49.86,50.46,50.34,52.99,49.49,45.66
4/26/09,390.74,2009.3164,7,387.83,370.69,107.69,47.8,49.86,50.46,50.34,52.99,49.49
5/3/09,389.98,2009.3356,6,388.45,371.66,106.8,50.2,47.8,49.86,50.46,50.34,52.99
5/10/09,390.39,2009.3548,7,389.05,371.23,107.17,55.96,50.2,47.8,49.86,50.46,50.34
5/17/09,390.6,2009.374,7,389.22,370.48,107.42,57.94,55.96,50.2,47.8,49.86,50.46
5/24/09,390.62,2009.3932,7,388.77,370.93,107.58,60.32,57.94,55.96,50.2,47.8,49.86
5/31/09,390.07,2009.4123,7,388.78,370.95,107.24,64.32,60.32,57.94,55.96,50.2,47.8
6/7/09,390.42,2009.4315,7,387.74,370.46,107.88,68.11,64.32,60.32,57.94,55.96,50.2
6/14/09,389.64,2009.4507,7,388.29,370.59,107.43,70.85,68.11,64.32,60.32,57.94,55.96
6/21/09,388.73,2009.4699,6,387.59,370.01,106.89,70.62,70.85,68.11,64.32,60.32,57.94
6/28/09,388.9,2009.489,6,-999.99,369.68,107.47,68.58,70.62,70.85,68.11,64.32,60.32
7/5/09,388.7,2009.5082,5,-999.99,370.41,107.7,69.32,68.58,70.62,70.85,68.11,64.32
7/12/09,388.57,2009.5274,4,-999.99,370.25,108.03,61.48,69.32,68.58,70.62,70.85,68.11
7/19/09,387.9,2009.5466,6,386.6,369.09,107.82,61.29,61.48,69.32,68.58,70.62,70.85
7/26/09,387.58,2009.5658,5,385.32,368.32,108,65.28,61.29,61.48,69.32,68.58,70.62
8/2/09,387.28,2009.5849,7,385.38,367.85,108.2,67.03,65.28,61.29,61.48,69.32,68.58
8/9/09,386.22,2009.6041,5,384.54,367.42,107.64,71.58,67.03,65.28,61.29,61.48,69.32
8/16/09,385.91,2009.6233,7,383.94,366.7,107.82,69.64,71.58,67.03,65.28,61.29,61.48
8/23/09,385.83,2009.6425,6,383.52,366.38,108.2,70.8,69.64,71.58,67.03,65.28,61.29
8/30/09,385.36,2009.6616,7,383.68,365.18,108.13,72.37,70.8,69.64,71.58,67.03,65.28
9/6/09,384.9,2009.6808,6,383.33,364.7,108,68.39,72.37,70.8,69.64,71.58,67.03
9/13/09,384.96,2009.7,6,383.61,365.31,108.31,70.91,68.39,72.37,70.8,69.64,71.58
9/20/09,384.84,2009.7192,7,383.31,365.06,108.34,71.32,70.91,68.39,72.37,70.8,69.64
9/27/09,384.23,2009.7384,7,382.99,364.85,107.78,68.33,71.32,70.91,68.39,72.37,70.8
10/4/09,384.08,2009.7575,6,383.1,365.34,107.58,68.84,68.33,71.32,70.91,68.39,72.37
10/11/09,384.58,2009.7767,7,383.03,365.37,107.94,70.8,68.84,68.33,71.32,70.91,68.39
10/18/09,384.92,2009.7959,7,383.28,365.87,108.08,75.73,70.8,68.84,68.33,71.32,70.91
10/25/09,385.22,2009.8151,7,384.28,365.78,108.11,80.06,75.73,70.8,68.84,68.33,71.32
11/1/09,385.58,2009.8342,7,384.02,366.17,108.18,78.47,80.06,75.73,70.8,68.84,68.33
11/8/09,385.9,2009.8534,7,384.27,366.86,108.2,79,78.47,80.06,75.73,70.8,68.84
11/15/09,386.55,2009.8726,7,384.55,367.06,108.53,78.24,79,78.47,80.06,75.73,70.8
11/22/09,386.59,2009.8918,7,384.68,367.21,108.27,78.37,78.24,79,78.47,80.06,75.73
11/29/09,387.28,2009.911,7,385.15,367.64,108.65,76.14,78.37,78.24,79,78.47,80.06
12/6/09,387.18,2009.9301,6,385.51,368.17,108.25,76.81,76.14,78.37,78.24,79,78.47
12/13/09,387.07,2009.9493,1,385.76,368.01,107.85,71.51,76.81,76.14,78.37,78.24,79
12/20/09,388.61,2009.9685,3,386.06,368.41,109.11,71.72,71.51,76.81,76.14,78.37,78.24
12/27/09,388.8,2009.9877,7,386.49,369.04,109.04,74.76,71.72,71.51,76.81,76.14,78.37
1/3/10,388.37,2010.0068,7,386.57,368.9,108.4,79.07,74.76,71.72,71.51,76.81,76.14
1/10/10,388.54,2010.026,6,387.15,369.2,108.33,82.34,79.07,74.76,71.72,71.51,76.81
1/17/10,388.54,2010.0452,7,387.4,370.16,108.12,80.06,82.34,79.07,74.76,71.72,71.51
1/24/10,389.21,2010.0644,7,387.65,370.14,108.61,76.62,80.06,82.34,79.07,74.76,71.72
1/31/10,390.91,2010.0836,5,387.32,369.42,110.15,73.94,76.62,80.06,82.34,79.07,74.76
2/7/10,390.55,2010.1027,6,387.03,369.88,109.67,74.57,73.94,76.62,80.06,82.34,79.07
2/14/10,390.43,2010.1219,6,387.85,370.14,109.43,73.88,74.57,73.94,76.62,80.06,82.34
2/21/10,389.79,2010.1411,3,388.23,369.65,108.69,78.25,73.88,74.57,73.94,76.62,80.06
2/28/10,391.14,2010.1603,6,389.35,370.42,109.93,79.22,78.25,73.88,74.57,73.94,76.62
3/7/10,391.59,2010.1795,6,389.02,370.09,110.24,80.19,79.22,78.25,73.88,74.57,73.94
3/14/10,391.38,2010.1986,4,388.33,370.97,109.87,81.76,80.19,79.22,78.25,73.88,74.57
3/21/10,390.5,2010.2178,6,389.48,370.99,108.78,81.44,81.76,80.19,79.22,78.25,73.88
3/28/10,391.96,2010.237,7,389.24,371.23,110,80.65,81.44,81.76,80.19,79.22,78.25
4/4/10,391.39,2010.2562,6,389.64,371.46,109.16,83.01,80.65,81.44,81.76,80.19,79.22
4/11/10,392.93,2010.2753,5,389.46,372.2,110.42,85.66,83.01,80.65,81.44,81.76,80.19
4/18/10,393.53,2010.2945,7,389.29,372.42,110.76,84.34,85.66,83.01,80.65,81.44,81.76
4/25/10,393.42,2010.3137,6,390.94,372.04,110.43,82.9,84.34,85.66,83.01,80.65,81.44
5/2/10,393.2,2010.3329,6,389.96,371.14,110.05,84.22,82.9,84.34,85.66,83.01,80.65
5/9/10,392.81,2010.3521,7,390.35,371.9,109.59,80.24,84.22,82.9,84.34,85.66,83.01
5/16/10,393.64,2010.3712,7,390.53,371.81,110.44,74.98,80.24,84.22,82.9,84.34,85.66
5/23/10,392.93,2010.3904,6,390.8,372.08,109.83,69.14,74.98,80.24,84.22,82.9,84.34
5/30/10,393.51,2010.4096,7,389.91,372.19,110.61,70.62,69.14,74.98,80.24,84.22,82.9
6/6/10,392.99,2010.4288,7,390.49,371.97,110.36,72.91,70.62,69.14,74.98,80.24,84.22
6/13/10,392.1,2010.4479,6,389.8,371.97,109.8,73.44,72.91,70.62,69.14,74.98,80.24
6/20/10,391.86,2010.4671,6,388.85,371.87,109.94,76.7,73.44,72.91,70.62,69.14,74.98
6/27/10,391.36,2010.4863,7,388.89,371.28,109.85,77.06,76.7,73.44,72.91,70.62,69.14
7/4/10,390.77,2010.5055,7,388.66,370.24,109.69,74.96,77.06,76.7,73.44,72.91,70.62
7/11/10,390.06,2010.5247,7,388.61,370.34,109.43,74.39,74.96,77.06,76.7,73.44,72.91
7/18/10,390.47,2010.5438,5,387.99,370.06,110.3,76.35,74.39,74.96,77.06,76.7,73.44
7/25/10,390.04,2010.563,7,387.68,369.09,110.36,77.56,76.35,74.39,74.96,77.06,76.7
8/1/10,389.07,2010.5822,6,387.35,369.04,109.89,78.12,77.56,76.35,74.39,74.96,77.06
8/8/10,389.02,2010.6014,7,386.37,368.6,110.34,81.79,78.12,77.56,76.35,74.39,74.96
8/15/10,388.67,2010.6205,5,385.87,368.37,110.48,78.17,81.79,78.12,77.56,76.35,74.39
8/22/10,387.8,2010.6397,5,386.15,367.68,110.09,74.84,78.17,81.79,78.12,77.56,76.35
8/29/10,387.72,2010.6589,7,385.18,367.67,110.43,72.91,74.84,78.17,81.79,78.12,77.56
9/5/10,386.32,2010.6781,6,385.12,367.15,109.39,74.02,72.91,74.84,78.17,81.79,78.12
9/12/10,387.24,2010.6973,7,384.91,367.47,110.59,74.82,74.02,72.91,74.84,78.17,81.79
9/19/10,386.96,2010.7164,7,384.97,366.79,110.48,75.62,74.82,74.02,72.91,74.84,78.17
9/26/10,386.97,2010.7356,7,384.33,366.87,110.57,73.76,75.62,74.82,74.02,72.91,74.84
10/3/10,387.14,2010.7548,7,383.84,366.71,110.7,78.41,73.76,75.62,74.82,74.02,72.91
10/10/10,387.02,2010.774,7,384.6,367.01,110.46,82.29,78.41,73.76,75.62,74.82,74.02
10/17/10,387.62,2010.7932,7,384.87,367.15,110.84,82.16,82.29,78.41,73.76,75.62,74.82
10/24/10,388.02,2010.8123,7,385.15,367.68,110.98,81.15,82.16,82.29,78.41,73.76,75.62
10/31/10,388.24,2010.8315,7,385.56,368.05,110.9,82.03,81.15,82.16,82.29,78.41,73.76
11/7/10,388.25,2010.8507,7,385.8,368.27,110.59,84.93,82.03,81.15,82.16,82.29,78.41
11/14/10,388.82,2010.8699,7,386.53,368.82,110.84,86.91,84.93,82.03,81.15,82.16,82.29
11/21/10,389.69,2010.889,7,386.51,368.52,111.39,82.23,86.91,84.93,82.03,81.15,82.16
11/28/10,389.86,2010.9082,6,387.14,369.23,111.27,82.28,82.23,86.91,84.93,82.03,81.15
12/5/10,389.97,2010.9274,6,387.33,369.81,111.09,86.75,82.28,82.23,86.91,84.93,82.03
12/12/10,389.64,2010.9466,7,387.04,369.71,110.48,88.5,86.75,82.28,82.23,86.91,84.93
12/19/10,390.34,2010.9658,7,388.97,369.85,110.91,88.27,88.5,86.75,82.28,82.23,86.91
12/26/10,390.14,2010.9849,6,388.29,370.01,110.44,89.66,88.27,88.5,86.75,82.28,82.23
1/2/11,391.74,2011.0041,7,388.7,370.4,111.77,90.97,89.66,88.27,88.5,86.75,82.28
1/9/11,390.96,2011.0233,6,388.58,370.67,110.76,89.54,90.97,89.66,88.27,88.5,86.75
1/16/11,391.7,2011.0425,6,388.67,370.61,111.31,91.02,89.54,90.97,89.66,88.27,88.5
1/23/11,391.56,2011.0616,7,389.05,370.89,111,89.75,91.02,89.54,90.97,89.66,88.27
1/30/11,392.26,2011.0808,7,390.13,371.68,111.55,86.11,89.75,91.02,89.54,90.97,89.66
2/6/11,391.63,2011.1,7,391.03,371.57,110.8,89.52,86.11,89.75,91.02,89.54,90.97
2/13/11,391.84,2011.1192,7,390.39,372.1,110.9,85.51,89.52,86.11,89.75,91.02,89.54
2/20/11,392.24,2011.1384,7,390.34,371.55,111.2,84.13,85.51,89.52,86.11,89.75,91.02
2/27/11,392.26,2011.1575,7,390.59,372.04,111.08,95.26,84.13,85.51,89.52,86.11,89.75
3/6/11,392.07,2011.1767,7,391.72,372.42,110.75,101.05,95.26,84.13,85.51,89.52,86.11
3/13/11,392.69,2011.1959,7,391.36,372.7,111.18,103.74,101.05,95.26,84.13,85.51,89.52
3/20/11,393.09,2011.2151,6,390.42,372.72,111.36,99.79,103.74,101.05,95.26,84.13,85.51
3/27/11,394.21,2011.2342,6,391.86,372.53,112.24,104.41,99.79,103.74,101.05,95.26,84.13
4/3/11,393.19,2011.2534,7,391.42,372.65,110.94,105.08,104.41,99.79,103.74,101.05,95.26
4/10/11,393.28,2011.2726,7,392.6,373.9,110.74,109.29,105.08,104.41,99.79,103.74,101.05
4/17/11,393.73,2011.2918,6,393.7,373.97,110.94,107.75,109.29,105.08,104.41,99.79,103.74
4/24/11,393.5,2011.311,6,393.33,373.74,110.49,109.11,107.75,109.29,105.08,104.41,99.79
5/1/11,394.33,2011.3301,6,393.26,373.73,111.16,112.3,109.11,107.75,109.29,105.08,104.41
5/8/11,393.08,2011.3493,7,392.73,374.12,109.84,105.84,112.3,109.11,107.75,109.29,105.08
5/15/11,395.1,2011.3685,7,393.61,373.85,111.87,99.87,105.84,112.3,109.11,107.75,109.29
5/22/11,395.29,2011.3877,6,393.19,374.17,112.16,97.99,99.87,105.84,112.3,109.11,107.75
5/29/11,394.41,2011.4068,7,393.43,374.04,111.46,99.55,97.99,99.87,105.84,112.3,109.11
6/5/11,393.7,2011.426,5,393.04,373.57,111.01,100.92,99.55,97.99,99.87,105.84,112.3
6/12/11,394,2011.4452,7,392.24,373.19,111.63,100.05,100.92,99.55,97.99,99.87,105.84
6/19/11,393.75,2011.4644,7,391.9,373.36,111.74,95.87,100.05,100.92,99.55,97.99,99.87
6/26/11,393.65,2011.4836,7,391.35,373.11,112.05,92.7,95.87,100.05,100.92,99.55,97.99
7/3/11,393.71,2011.5027,7,390.86,372.64,112.53,93.7,92.7,95.87,100.05,100.92,99.55
7/10/11,393.49,2011.5219,4,390.14,371.61,112.77,97.12,93.7,92.7,95.87,100.05,100.92
7/17/11,391.52,2011.5411,6,390.49,371.39,111.28,96.72,97.12,93.7,92.7,95.87,100.05
7/24/11,392.18,2011.5603,6,390.05,371.08,112.44,98.01,96.72,97.12,93.7,92.7,95.87
7/31/11,391.4,2011.5795,7,389.2,370.85,112.16,97.83,98.01,96.72,97.12,93.7,92.7
8/7/11,390.8,2011.5986,5,389.04,369.87,112.08,90.85,97.83,98.01,96.72,97.12,93.7
8/14/11,390.34,2011.6178,7,388.82,369.4,112.13,82.86,90.85,97.83,98.01,96.72,97.12
8/21/11,389.59,2011.637,7,387.87,369.57,111.86,85.36,82.86,90.85,97.83,98.01,96.72
8/28/11,389.7,2011.6562,5,387.74,369.38,112.4,85.06,85.36,82.86,90.85,97.83,98.01
9/4/11,389.24,2011.6753,4,386.41,368.35,112.32,88.07,85.06,85.36,82.86,90.85,97.83
9/11/11,389.35,2011.6945,6,387.26,368.75,112.71,87.91,88.07,85.06,85.36,82.86,90.85
9/18/11,389.29,2011.7137,7,387.01,368.15,112.84,88.93,87.91,88.07,85.06,85.36,82.86
9/25/11,388.87,2011.7329,7,387,367.82,112.5,83.65,88.93,87.91,88.07,85.06,85.36
10/2/11,388.98,2011.7521,7,387.09,368.3,112.59,81.18,83.65,88.93,87.91,88.07,85.06
10/9/11,389.01,2011.7712,7,387.05,368.41,112.5,79.43,81.18,83.65,88.93,87.91,88.07
10/16/11,389.23,2011.7904,7,387.44,368.43,112.53,85.35,79.43,81.18,83.65,88.93,87.91
10/23/11,389.44,2011.8096,7,388.05,368.97,112.48,86.82,85.35,79.43,81.18,83.65,88.93
10/30/11,389.81,2011.8288,7,388.03,369.26,112.55,92.32,86.82,85.35,79.43,81.18,83.65
11/6/11,389.97,2011.8479,6,388.43,369.3,112.39,93.24,92.32,86.82,85.35,79.43,81.18
11/13/11,390.66,2011.8671,6,388.63,370.03,112.75,96.97,93.24,92.32,86.82,85.35,79.43
11/20/11,390.7,2011.8863,7,389.67,370.5,112.46,99.32,96.97,93.24,92.32,86.82,85.35
11/27/11,391.34,2011.9055,7,389.72,370.63,112.78,96.89,99.32,96.97,93.24,92.32,86.82
12/4/11,391.56,2011.9247,7,390.06,370.95,112.7,99.91,96.89,99.32,96.97,93.24,92.32
12/11/11,392.21,2011.9438,6,389.73,371.51,113.06,100.08,99.91,96.89,99.32,96.97,93.24
12/18/11,392.65,2011.963,4,390.21,371.45,113.22,96.06,100.08,99.91,96.89,99.32,96.97
12/25/11,392.4,2011.9822,7,390.07,371.9,112.71,97.74,96.06,100.08,99.91,96.89,99.32
1/1/12,393.15,2012.0014,7,391.51,372.47,113.2,99.81,97.74,96.06,100.08,99.91,96.89
1/8/12,393.57,2012.0205,6,391.32,372.43,113.44,102.39,99.81,97.74,96.06,100.08,99.91
1/15/12,393.17,2012.0396,7,391.59,372.97,112.89,100.43,102.39,99.81,97.74,96.06,100.08
1/22/12,393.53,2012.0587,7,391.36,372.68,113.11,99.95,100.43,102.39,99.81,97.74,96.06
1/29/12,393.43,2012.0779,6,392.32,372.93,112.87,99.35,99.95,100.43,102.39,99.81,97.74
2/5/12,393.9,2012.097,7,391.69,373.36,113.22,97.8,99.35,99.95,100.43,102.39,99.81
2/12/12,393.68,2012.1161,7,391.79,373,112.86,98.56,97.8,99.35,99.95,100.43,102.39
2/19/12,394.61,2012.1352,5,392.1,373.25,113.65,101.73,98.56,97.8,99.35,99.95,100.43
2/26/12,394.45,2012.1544,7,392.41,374.25,113.32,107.18,101.73,98.56,97.8,99.35,99.95
3/4/12,393.73,2012.1735,7,391.66,373.96,112.42,107.52,107.18,101.73,98.56,97.8,99.35
3/11/12,394.46,2012.1926,7,392.91,374.22,112.92,106.32,107.52,107.18,101.73,98.56,97.8
3/18/12,394.98,2012.2117,7,393.09,374.96,113.19,106.15,106.32,107.52,107.18,101.73,98.56
3/25/12,395.32,2012.2309,6,394.37,374.27,113.27,106.41,106.15,106.32,107.52,107.18,101.73
4/1/12,395.51,2012.25,7,393.3,374.69,113.17,105.12,106.41,106.15,106.32,107.52,107.18
4/8/12,396.81,2012.2691,6,393.03,374.7,114.19,103.52,105.12,106.41,106.15,106.32,107.52
4/15/12,396.35,2012.2883,7,393.99,375.42,113.48,102.55,103.52,105.12,106.41,106.15,106.32
4/22/12,396.8,2012.3074,7,393.39,375.66,113.73,103.15,102.55,103.52,105.12,106.41,106.15
4/29/12,397.11,2012.3265,7,394.2,376.15,113.89,103.78,103.15,102.55,103.52,105.12,106.41
5/6/12,397.32,2012.3456,7,392.92,375.63,114.03,103.47,103.78,103.15,102.55,103.52,105.12
5/13/12,397.18,2012.3648,7,394.86,375.47,113.91,96.98,103.47,103.78,103.15,102.55,103.52
5/20/12,396.31,2012.3839,7,395.34,376.08,113.14,93.11,96.98,103.47,103.78,103.15,102.55
5/27/12,396.48,2012.403,6,394.34,376.41,113.49,90.88,93.11,96.98,103.47,103.78,103.15
6/3/12,395.93,2012.4221,7,393.96,376.03,113.19,87.06,90.88,93.11,96.98,103.47,103.78
6/10/12,396.43,2012.4413,6,393.85,375.58,114.01,84.43,87.06,90.88,93.11,96.98,103.47
6/17/12,395.77,2012.4604,7,393.81,375.57,113.71,83.27,84.43,87.06,90.88,93.11,96.98
6/24/12,395.45,2012.4795,6,393.77,375.45,113.8,81.11,83.27,84.43,87.06,90.88,93.11
7/1/12,395.15,2012.4986,6,393.67,374.98,113.93,80.23,81.11,83.27,84.43,87.06,90.88
7/8/12,394.56,2012.5178,6,393.48,374.58,113.79,85.74,80.23,81.11,83.27,84.43,87.06
7/15/12,394.66,2012.5369,7,391.92,374.09,114.37,85.78,85.74,80.23,81.11,83.27,84.43
7/22/12,394.28,2012.556,4,392.02,373.36,114.48,90.34,85.78,85.74,80.23,81.11,83.27
7/29/12,393.62,2012.5751,7,391.52,373.51,114.33,88.88,90.34,85.78,85.74,80.23,81.11
8/5/12,393.43,2012.5943,6,390.9,372.61,114.66,89.1,88.88,90.34,85.78,85.74,80.23
8/12/12,392.71,2012.6134,7,390.34,371.64,114.44,93.14,89.1,88.88,90.34,85.78,85.74
8/19/12,391.57,2012.6325,7,389.85,371.62,113.8,94.43,93.14,89.1,88.88,90.34,85.78
8/26/12,391.99,2012.6516,7,389.46,370.95,114.66,96.22,94.43,93.14,89.1,88.88,90.34
9/2/12,392.06,2012.6708,6,389.29,370.39,115.13,95.68,96.22,94.43,93.14,89.1,88.88
9/9/12,391.1,2012.6899,6,389.34,371.81,114.47,95.68,95.68,96.22,94.43,93.14,89.1
9/16/12,390.99,2012.709,7,389.36,370.93,114.58,97.56,95.68,95.68,96.22,94.43,93.14
9/23/12,391.09,2012.7281,6,388.86,370.69,114.79,93.7,97.56,95.68,95.68,96.22,94.43
9/30/12,391.02,2012.7473,7,389.01,370,114.73,91.35,93.7,97.56,95.68,95.68,96.22
10/7/12,391.18,2012.7664,6,388.91,370.3,114.78,90.81,91.35,93.7,97.56,95.68,95.68
10/14/12,391.11,2012.7855,6,389.24,371.4,114.52,91.42,90.81,91.35,93.7,97.56,95.68
10/21/12,391.56,2012.8046,6,389.43,370.68,114.7,91.59,91.42,90.81,91.35,93.7,97.56
10/28/12,391.78,2012.8238,6,389.78,371.48,114.6,86.35,91.59,91.42,90.81,91.35,93.7
11/4/12,392.52,2012.8429,7,389.82,372.16,114.98,85.87,86.35,91.59,91.42,90.81,91.35
11/11/12,393.48,2012.862,7,390.65,372.05,115.57,85.98,85.87,86.35,91.59,91.42,90.81
11/18/12,393.39,2012.8811,7,390.7,373.03,115.12,85.87,85.98,85.87,86.35,91.59,91.42
11/25/12,393.93,2012.9003,7,391.27,372.89,115.32,87.4,85.87,85.98,85.87,86.35,91.59
12/2/12,393.88,2012.9194,6,391.44,373.45,114.95,87.27,87.4,85.87,85.98,85.87,86.35
12/9/12,394.62,2012.9385,7,392.08,373.68,115.4,87,87.27,87.4,85.87,85.98,85.87
12/16/12,394.75,2012.9577,7,392.81,373.9,115.28,85.71,87,87.27,87.4,85.87,85.98
12/23/12,395.06,2012.9768,6,392.36,374.66,115.36,88.24,85.71,87,87.27,87.4,85.87
12/30/12,394.73,2012.9959,6,393.06,374.83,114.89,90.14,88.24,85.71,87,87.27,87.4
1/6/13,395.59,2013.0151,6,393.1,374.82,115.58,92.77,90.14,88.24,85.71,87,87.27
1/13/13,396.21,2013.0342,6,393.54,375.18,116.04,93.38,92.77,90.14,88.24,85.71,87
1/20/13,396.01,2013.0534,7,393.55,375.17,115.69,94.58,93.38,92.77,90.14,88.24,85.71
1/27/13,395.99,2013.0726,7,393.34,375.55,115.54,95.41,94.58,93.38,92.77,90.14,88.24
2/3/13,396.86,2013.0918,6,393.94,375.33,116.28,97.33,95.41,94.58,93.38,92.77,90.14
2/10/13,397.2,2013.111,6,393.51,375.45,116.5,96.18,97.33,95.41,94.58,93.38,92.77
2/17/13,397.37,2013.1301,7,394.68,376.59,116.53,96.95,96.18,97.33,95.41,94.58,93.38
2/24/13,396.96,2013.1493,6,394.34,376.1,115.96,94.38,96.95,96.18,97.33,95.41,94.58
3/3/13,397.88,2013.1685,6,393.97,376.48,116.68,92.19,94.38,96.95,96.18,97.33,95.41
3/10/13,397.17,2013.1877,7,394.17,376.45,115.73,91,92.19,94.38,96.95,96.18,97.33
3/17/13,397.58,2013.2068,7,394.91,376.38,115.86,92.7,91,92.19,94.38,96.95,96.18
3/24/13,398.19,2013.226,7,395.41,377.25,116.17,93.05,92.7,91,92.19,94.38,96.95
3/31/13,398.3,2013.2452,6,395.44,377.03,115.97,96.08,93.05,92.7,91,92.19,94.38
4/7/13,398,2013.2644,7,396.74,377.37,115.34,95.07,96.08,93.05,92.7,91,92.19
4/14/13,398.19,2013.2836,2,396.24,378.26,115.24,93.36,95.07,96.08,93.05,92.7,91
4/21/13,399.44,2013.3027,6,396.84,378.62,116.24,88,93.36,95.07,96.08,93.05,92.7
4/28/13,399.76,2013.3219,6,397.01,378.72,116.38,91,88,93.36,95.07,96.08,93.05
5/5/13,399.75,2013.3411,6,397.27,378.15,116.29,93.4,91,88,93.36,95.07,96.08
5/12/13,399.98,2013.3603,5,397.36,378.6,116.52,95.84,93.4,91,88,93.36,95.07
5/19/13,400.17,2013.3795,7,396.25,379.44,116.81,94.65,95.84,93.4,91,88,93.36
5/26/13,400.12,2013.3986,7,396.64,378.73,116.95,94.76,94.65,95.84,93.4,91,88
6/2/13,399.4,2013.4178,7,395.87,378.75,116.5,93.32,94.76,94.65,95.84,93.4,91
6/9/13,398.8,2013.437,6,396.5,378.6,116.23,94.25,93.32,94.76,94.65,95.84,93.4
6/16/13,398.33,2013.4562,7,395.79,378.28,116.14,96.36,94.25,93.32,94.76,94.65,95.84
6/23/13,398.84,2013.4753,4,395.73,378.41,117.07,96.65,96.36,94.25,93.32,94.76,94.65
6/30/13,398.43,2013.4945,5,394.99,377.48,117.11,95.83,96.65,96.36,94.25,93.32,94.76
7/7/13,397.93,2013.5137,4,394.7,376.92,117.08,100.65,95.83,96.65,96.36,94.25,93.32
7/14/13,397.27,2013.5329,4,394.55,377.34,116.9,104.7,100.65,95.83,96.65,96.36,94.25
7/21/13,397.01,2013.5521,6,394.43,376.49,117.15,106.88,104.7,100.65,95.83,96.65,96.36
7/28/13,396.87,2013.5712,6,393.66,376.04,117.54,105.88,106.88,104.7,100.65,95.83,96.65
8/4/13,395.86,2013.5904,6,393.55,374.97,117.07,105.54,105.88,106.88,104.7,100.65,95.83
8/11/13,395.32,2013.6096,6,392.78,375.04,117.06,105.17,105.54,105.88,106.88,104.7,100.65
8/18/13,395.34,2013.6288,5,391.66,374.06,117.59,106.97,105.17,105.54,105.88,106.88,104.7
8/25/13,394.42,2013.6479,7,392.01,373.61,117.14,105.48,106.97,105.17,105.54,105.88,106.88
9/1/13,394.05,2013.6671,7,392.12,373.48,117.17,108.33,105.48,106.97,105.17,105.54,105.88
9/8/13,393.59,2013.6863,6,391.2,373.18,117.03,108.77,108.33,105.48,106.97,105.17,105.54
9/15/13,393.73,2013.7055,5,390.94,373.11,117.39,108.36,108.77,108.33,105.48,106.97,105.17
9/22/13,393.58,2013.7247,6,391.13,373.54,117.34,106.22,108.36,108.77,108.33,105.48,106.97
9/29/13,393.52,2013.7438,7,390.99,373.42,117.26,103.1,106.22,108.36,108.77,108.33,105.48
10/6/13,393.55,2013.763,7,391.24,373.06,117.18,103.14,103.1,106.22,108.36,108.77,108.33
10/13/13,393.88,2013.7822,4,391.03,372.91,117.3,102.7,103.14,103.1,106.22,108.36,108.77
10/20/13,394.19,2013.8014,7,391.56,373.7,117.33,101.51,102.7,103.14,103.1,106.22,108.36
10/27/13,394.44,2013.8205,7,391.65,373.58,117.25,97.57,101.51,102.7,103.14,103.1,106.22
11/3/13,394.67,2013.8397,7,392.37,374.1,117.12,96.94,97.57,101.51,102.7,103.14,103.1
11/10/13,395.73,2013.8589,7,393.36,374.77,117.83,94.31,96.94,97.57,101.51,102.7,103.14
11/17/13,395.07,2013.8781,7,393.47,375.26,116.82,93.94,94.31,96.94,97.57,101.51,102.7
11/24/13,396.2,2013.8973,7,393.84,375.36,117.63,93.92,93.94,94.31,96.94,97.57,101.51
12/1/13,396.46,2013.9164,7,393.79,375.52,117.6,92.97,93.92,93.94,94.31,96.94,97.57
12/8/13,396.33,2013.9356,7,394.55,376.2,117.19,96.21,92.97,93.92,93.94,94.31,96.94
12/15/13,397.61,2013.9548,6,394.81,376.38,118.23,97.23,96.21,92.97,93.92,93.94,94.31
12/22/13,397.46,2013.974,7,395,376.34,117.85,97.85,97.23,96.21,92.97,93.92,93.94
12/29/13,397.6,2013.9932,7,394.73,376.53,117.68,99.15,97.85,97.23,96.21,92.97,93.92
1/5/14,398.41,2014.0123,7,395.59,376.53,118.3,96.47,99.15,97.85,97.23,96.21,92.97
1/12/14,397.93,2014.0315,7,396.23,377.17,117.65,92.42,96.47,99.15,97.85,97.23,96.21
1/19/14,398.15,2014.0507,7,396.09,377.38,117.74,92.98,92.42,96.47,99.15,97.85,97.23
1/26/14,398.02,2014.0699,7,395.95,378.2,117.5,96.19,92.98,92.42,96.47,99.15,97.85
2/2/14,398.16,2014.089,7,396.71,378.04,117.54,97.29,96.19,92.98,92.42,96.47,99.15
2/9/14,398.06,2014.1082,7,396.96,378.65,117.35,97.78,97.29,96.19,92.98,92.42,96.47
2/16/14,398.27,2014.1274,6,397.49,377.61,117.46,100.21,97.78,97.29,96.19,92.98,92.42
2/23/14,398.47,2014.1466,7,397.04,377.92,117.52,102.93,100.21,97.78,97.29,96.19,92.98
3/2/14,398.64,2014.1658,5,397.83,378.42,117.51,102.77,102.93,100.21,97.78,97.29,96.19
3/9/14,400.07,2014.1849,6,397.09,378.94,118.72,103.07,102.77,102.93,100.21,97.78,97.29
3/16/14,401.36,2014.2041,3,397.47,379.55,119.73,99.55,103.07,102.77,102.93,100.21,97.78
3/23/14,400.3,2014.2233,5,398.18,378.71,118.36,99.77,99.55,103.07,102.77,102.93,100.21
3/30/14,400.8,2014.2425,7,398.4,379.9,118.52,100.66,99.77,99.55,103.07,102.77,102.93
4/6/14,401.29,2014.2616,7,398.09,380.59,118.68,100.46,100.66,99.77,99.55,103.07,102.77
4/13/14,401.72,2014.2808,5,397.38,380.82,118.79,102.72,100.46,100.66,99.77,99.55,103.07
4/20/14,401.77,2014.3,7,399.22,380.81,118.58,103.95,102.72,100.46,100.66,99.77,99.55
4/27/14,401.92,2014.3192,6,399.8,380.54,118.54,102.11,103.95,102.72,100.46,100.66,99.77
5/4/14,401.9,2014.3384,3,399.82,381.17,118.42,100.51,102.11,103.95,102.72,100.46,100.66
5/11/14,401.91,2014.3575,2,399.92,380.72,118.43,100.29,100.51,102.11,103.95,102.72,100.46
5/18/14,401.93,2014.3767,7,400.16,380.47,118.54,101.92,100.29,100.51,102.11,103.95,102.72
5/25/14,402,2014.3959,7,400.29,381.2,118.78,103.82,101.92,100.29,100.51,102.11,103.95
6/1/14,401.99,2014.4151,7,399.43,379.96,119.04,103.95,103.82,101.92,100.29,100.51,102.11
6/8/14,401.68,2014.4342,6,398.79,380.38,119.05,103.23,103.95,103.82,101.92,100.29,100.51
6/15/14,401.21,2014.4534,7,398.44,380.23,118.95,105.97,103.23,103.95,103.82,101.92,100.29
6/22/14,401.12,2014.4726,6,398.67,379.55,119.26,107.23,105.97,103.23,103.95,103.82,101.92
6/29/14,400.43,2014.4918,7,398.5,379.17,119.01,106.69,107.23,105.97,103.23,103.95,103.82
7/6/14,400.12,2014.511,7,397.93,378.48,119.16,105.52,106.69,107.23,105.97,103.23,103.95
7/13/14,399.1,2014.5301,5,397.27,378,118.63,103.25,105.52,106.69,107.23,105.97,103.23
7/20/14,399.12,2014.5493,5,396.86,376.76,119.17,102.37,103.25,105.52,106.69,107.23,105.97
7/27/14,397.77,2014.5685,5,396.98,376.52,118.34,104.35,102.37,103.25,105.52,106.69,107.23
8/3/14,398.06,2014.5877,4,396.12,376.91,119.18,102.19,104.35,102.37,103.25,105.52,106.69
8/10/14,397.5,2014.6068,5,395.38,376.27,119.16,97.5,102.19,104.35,102.37,103.25,105.52
8/17/14,397.04,2014.626,4,395.35,375.91,119.23,97.17,97.5,102.19,104.35,102.37,103.25
8/24/14,396.59,2014.6452,5,394.55,376.59,119.26,94.95,97.17,97.5,102.19,104.35,102.37
8/31/14,396.63,2014.6644,4,394.14,374.17,119.73,96.25,94.95,97.17,97.5,102.19,104.35
9/7/14,395.27,2014.6836,6,393.62,374.57,118.71,94.06,96.25,94.95,97.17,97.5,102.19
9/14/14,395.33,2014.7027,3,393.66,374.42,119.01,92.43,94.06,96.25,94.95,97.17,97.5
9/21/14,395.71,2014.7219,6,393.55,374.55,119.51,93.52,92.43,94.06,96.25,94.95,97.17
9/28/14,395.58,2014.7411,6,393.51,374.34,119.39,93.15,93.52,92.43,94.06,96.25,94.95
10/5/14,395.82,2014.7603,7,393.59,374.24,119.54,91.44,93.15,93.52,92.43,94.06,96.25
10/12/14,395.91,2014.7795,5,393.76,374.41,119.45,87.63,91.44,93.15,93.52,92.43,94.06
10/19/14,396.12,2014.7986,5,394.14,374.8,119.4,82.88,87.63,91.44,93.15,93.52,92.43
10/26/14,397.81,2014.8178,5,394.4,375.22,120.77,82.12,82.88,87.63,91.44,93.15,93.52
11/2/14,397.04,2014.837,7,394.66,375.52,119.66,81.29,82.12,82.88,87.63,91.44,93.15
11/9/14,397.46,2014.8562,6,395.72,375.61,119.71,78.24,81.29,82.12,82.88,87.63,91.44
11/16/14,397.6,2014.8753,7,394.93,377.12,119.48,76.5,78.24,81.29,82.12,82.88,87.63
11/23/14,398.15,2014.8945,5,396.13,376.93,119.68,75.38,76.5,78.24,81.29,82.12,82.88
11/30/14,398.47,2014.9137,7,396.4,377.06,119.67,72.36,75.38,76.5,78.24,81.29,82.12
12/7/14,399.39,2014.9329,5,396.35,377.7,120.27,67.18,72.36,75.38,76.5,78.24,81.29
12/14/14,399.36,2014.9521,7,397.43,377.5,119.96,61.14,67.18,72.36,75.38,76.5,78.24
12/21/14,399.11,2014.9712,7,397.44,377.95,119.45,55.89,61.14,67.18,72.36,75.38,76.5
12/28/14,400.03,2014.9904,7,397.55,378.07,120.14,55.58,55.89,61.14,67.18,72.36,75.38
1/4/15,400.05,2015.0096,7,398.47,378.31,119.99,53.44,55.58,55.89,61.14,67.18,72.36
1/11/15,400.36,2015.0288,6,397.7,378.65,120.14,48.77,53.44,55.58,55.89,61.14,67.18
1/18/15,399.7,2015.0479,7,398.32,378.55,119.35,47.07,48.77,53.44,55.58,55.89,61.14
1/25/15,400.39,2015.0671,7,397.99,378.94,119.92,46.46,47.07,48.77,53.44,55.58,55.89
2/1/15,400.44,2015.0863,7,398.15,379.54,119.86,45.32,46.46,47.07,48.77,53.44,55.58
2/8/15,400.14,2015.1055,7,398.08,379.39,119.47,50.58,45.32,46.46,47.07,48.77,53.44
2/15/15,400.11,2015.1247,7,398.21,379.98,119.32,51.14,50.58,45.32,46.46,47.07,48.77
2/22/15,401.53,2015.1438,7,398.63,380.45,120.62,51.69,51.14,50.58,45.32,46.46,47.07
3/1/15,401.48,2015.163,4,398.36,381.4,120.39,49.16,51.69,51.14,50.58,45.32,46.46
3/8/15,402.23,2015.1822,6,399.88,380.46,120.94,50.38,49.16,51.69,51.14,50.58,45.32
3/15/15,400.98,2015.2014,6,401.01,381.48,119.42,47.69,50.38,49.16,51.69,51.14,50.58
3/22/15,401.97,2015.2205,7,400.34,380.11,120.11,44.39,47.69,50.38,49.16,51.69,51.14
3/29/15,402,2015.2397,5,400.69,382.33,119.81,48.68,44.39,47.69,50.38,49.16,51.69
4/5/15,403.4,2015.2589,4,401.34,382.53,120.86,48.91,48.68,44.39,47.69,50.38,49.16
4/12/15,404.23,2015.2781,6,401.51,382.25,121.36,51.78,48.91,48.68,44.39,47.69,50.38
4/19/15,403.27,2015.2973,7,401.69,382.46,120.1,54.78,51.78,48.91,48.68,44.39,47.69
4/26/15,403.99,2015.3164,7,401.95,382.97,120.6,56.14,54.78,51.78,48.91,48.68,44.39
5/3/15,404.33,2015.3356,6,401.94,381.81,120.81,57.98,56.14,54.78,51.78,48.91,48.68
5/10/15,404.16,2015.3548,7,401.49,382.3,120.61,59.73,57.98,56.14,54.78,51.78,48.91
5/17/15,404.16,2015.374,7,402.08,382.91,120.68,60.01,59.73,57.98,56.14,54.78,51.78
5/24/15,403.99,2015.3932,7,401.79,383.15,120.69,58.95,60.01,59.73,57.98,56.14,54.78
5/31/15,403.37,2015.4123,6,402.11,382.99,120.34,58.19,58.95,60.01,59.73,57.98,56.14
6/7/15,403.41,2015.4315,7,401.54,382.74,120.71,59.66,58.19,58.95,60.01,59.73,57.98
6/14/15,402.56,2015.4507,7,401.49,382.58,120.25,60.07,59.66,58.19,58.95,60.01,59.73
6/21/15,402.88,2015.4699,7,401.18,382.06,121,59.89,60.07,59.66,58.19,58.95,60.01
6/28/15,402.33,2015.489,7,400.49,381.47,120.91,60.01,59.89,60.07,59.66,58.19,58.95
7/5/15,401.9,2015.5082,6,400.14,381.1,120.95,57.92,60.01,59.89,60.07,59.66,58.19
7/12/15,401.57,2015.5274,5,399.45,381.28,121.12,52.38,57.92,60.01,59.89,60.07,59.66
7/19/15,401.43,2015.5466,3,398.86,380.85,121.48,51.68,52.38,57.92,60.01,59.89,60.07
7/26/15,400.38,2015.5658,7,398.15,380.26,120.94,49.21,51.68,52.38,57.92,60.01,59.89
8/2/15,398.54,2015.5849,6,397.96,379.81,119.63,47.91,49.21,51.68,52.38,57.92,60.01
8/9/15,399.37,2015.6041,6,397.49,379.23,121,44.94,47.91,49.21,51.68,52.38,57.92
8/16/15,399.32,2015.6233,6,397.15,378.93,121.47,43.2,44.94,47.91,49.21,51.68,52.38
8/23/15,399.04,2015.6425,7,396.69,378.1,121.68,41.34,43.2,44.94,47.91,49.21,51.68
8/30/15,398.68,2015.6616,7,396.62,378.07,121.75,40.73,41.34,43.2,44.94,47.91,49.21
9/6/15,397.96,2015.6808,6,395.34,377.35,121.39,46.73,40.73,41.34,43.2,44.94,47.91
9/13/15,397.43,2015.7,4,395.23,376.44,121.12,45.16,46.73,40.73,41.34,43.2,44.94
9/20/15,397.52,2015.7192,7,395.76,376.45,121.35,45.48,45.16,46.73,40.73,41.34,43.2
9/27/15,397.41,2015.7384,5,395.56,376.69,121.27,45.57,45.48,45.16,46.73,40.73,41.34
10/4/15,398.56,2015.7575,7,395.84,376.87,122.32,45,45.57,45.48,45.16,46.73,40.73
10/11/15,398.37,2015.7767,6,395.88,377.1,121.93,48.36,45,45.57,45.48,45.16,46.73
10/18/15,398.71,2015.7959,6,396.11,-999.99,121.99,46.82,48.36,45,45.57,45.48,45.16
10/25/15,398.68,2015.8151,7,397.61,377.7,121.62,45.16,46.82,48.36,45,45.57,45.48
11/1/15,399.26,2015.8342,6,397.05,378.03,121.82,44.99,45.16,46.82,48.36,45,45.57
11/8/15,400.22,2015.8534,5,397.34,378.14,122.4,45.98,44.99,45.16,46.82,48.36,45
11/15/15,400.55,2015.8726,6,397.69,379.05,122.35,42.7,45.98,44.99,45.16,46.82,48.36
11/22/15,400.58,2015.8918,7,397.98,378.78,122.02,40.62,42.7,45.98,44.99,45.16,46.82
11/29/15,401,2015.911,7,398.41,379.22,122.13,40.49,40.62,42.7,45.98,44.99,45.16
12/6/15,401.52,2015.9301,6,399.29,380.12,122.36,40.4,40.49,40.62,42.7,45.98,44.99
12/13/15,402.55,2015.9493,7,399.36,380.41,123.13,36.93,40.4,40.49,40.62,42.7,45.98
12/20/15,402.81,2015.9685,7,399.16,380.44,123.16,35.78,36.93,40.4,40.49,40.62,42.7
12/27/15,402.28,2015.9877,7,399.79,380.74,122.42,36.26,35.78,36.93,40.4,40.49,40.62
1/3/16,402.32,2016.0068,5,400.09,381.37,122.31,36.99,36.26,35.78,36.93,40.4,40.49
1/10/16,402.65,2016.026,5,400.32,381.5,122.45,34.65,36.99,36.26,35.78,36.93,40.4
1/17/16,402.78,2016.0451,7,399.7,381.74,122.41,30.59,34.65,36.99,36.26,35.78,36.93
1/24/16,403.33,2016.0642,7,400.25,381.84,122.81,29.19,30.59,34.65,36.99,36.26,35.78
1/31/16,404.75,2016.0833,5,400.42,381.97,124.1,31.81,29.19,30.59,34.65,36.99,36.26
2/7/16,403.98,2016.1025,5,400.26,382.56,123.22,31.26,31.81,29.19,30.59,34.65,36.99
2/14/16,403.85,2016.1216,7,400.04,382.6,122.98,28.14,31.26,31.81,29.19,30.59,34.65
2/21/16,404.59,2016.1407,7,401.45,382.22,123.61,30.02,28.14,31.26,31.81,29.19,30.59
2/28/16,404.24,2016.1598,7,401.33,382.4,123.13,31.32,30.02,28.14,31.26,31.81,29.19
3/6/16,404.18,2016.179,6,402.09,383.09,122.9,34.43,31.32,30.02,28.14,31.26,31.81
3/13/16,404.97,2016.1981,7,401.23,383.17,123.48,37.69,34.43,31.32,30.02,28.14,31.26
3/20/16,405.85,2016.2172,5,401.65,382.92,124.1,38.32,37.69,34.43,31.32,30.02,28.14
3/27/16,405.64,2016.2363,7,402.39,382.63,123.59,39.45,38.32,37.69,34.43,31.32,30.02
4/3/16,406.78,2016.2555,4,402.96,384.61,124.4,36.82,39.45,38.32,37.69,34.43,31.32
4/10/16,408.91,2016.2746,6,404.35,384.9,126.19,36.72,36.82,39.45,38.32,37.69,34.43
4/17/16,407.64,2016.2937,7,403.4,385.01,124.59,41.23,36.72,36.82,39.45,38.32,37.69
4/24/16,407.9,2016.3128,5,403.84,384.92,124.58,41.86,41.23,36.72,36.82,39.45,38.32
5/1/16,407.73,2016.332,7,404.29,385.2,124.22,44.3,41.86,41.23,36.72,36.82,39.45
5/8/16,408.05,2016.3511,7,404.05,385.19,124.45,44.22,44.3,41.86,41.23,36.72,36.82
5/15/16,407.49,2016.3702,7,404.26,385.51,123.9,45.44,44.22,44.3,41.86,41.23,36.72
5/22/16,408.51,2016.3893,6,403.97,385.1,125.05,47.99,45.44,44.22,44.3,41.86,41.23
5/29/16,407.64,2016.4085,5,403.54,384.85,124.42,48.72,47.99,45.44,44.22,44.3,41.86
6/5/16,407.04,2016.4276,7,403.46,384.33,124.15,49,48.72,47.99,45.44,44.22,44.3
6/12/16,407.39,2016.4467,6,402.59,384.42,124.89,50.18,49,48.72,47.99,45.44,44.22
6/19/16,406.85,2016.4658,6,402.96,384.05,124.8,47.89,50.18,49,48.72,47.99,45.44
6/26/16,406.17,2016.485,5,402.29,383.52,124.6,48.71,47.89,50.18,49,48.72,47.99
7/3/16,405.75,2016.5041,6,401.95,383.31,124.68,48.17,48.71,47.89,50.18,49,48.72
7/10/16,404.68,2016.5232,6,401.84,382.97,124.13,46.17,48.17,48.71,47.89,50.18,49
7/17/16,403.59,2016.5423,7,401.14,381.98,123.56,45.6,46.17,48.17,48.71,47.89,50.18
7/24/16,404.04,2016.5615,7,400.6,382.26,124.54,44.44,45.6,46.17,48.17,48.71,47.89
7/31/16,403.68,2016.5806,6,398.61,381.4,124.7,41.83,44.44,45.6,46.17,48.17,48.71
8/7/16,403.08,2016.5997,5,399.43,380.99,124.63,40.82,41.83,44.44,45.6,46.17,48.17
8/14/16,402.05,2016.6189,4,399.28,380.39,124.12,43.11,40.82,41.83,44.44,45.6,46.17
8/21/16,402.11,2016.638,7,399.15,380.05,124.66,47.16,43.11,40.82,41.83,44.44,45.6
8/28/16,401.16,2016.6571,5,398.68,379.51,124.15,47.05,47.16,43.11,40.82,41.83,44.44
9/4/16,401.18,2016.6762,6,398.1,378.91,124.55,45.11,47.05,47.16,43.11,40.82,41.83
9/11/16,401.47,2016.6954,6,397.49,379.29,125.11,45.96,45.11,47.05,47.16,43.11,40.82
9/18/16,401.08,2016.7145,7,397.5,378.82,124.9,44.34,45.96,45.11,47.05,47.16,43.11
9/25/16,400.94,2016.7336,5,397.46,379.17,124.8,44.59,44.34,45.96,45.11,47.05,47.16
10/2/16,401.13,2016.7527,7,398.69,379.06,124.94,46.55,44.59,44.34,45.96,45.11,47.05
10/9/16,401.78,2016.7719,6,398.22,379.07,125.41,49.48,46.55,44.59,44.34,45.96,45.11
10/16/16,401.86,2016.791,7,398.68,379.12,125.23,50.29,49.48,46.55,44.59,44.34,45.96
10/23/16,402.35,2016.8101,6,398.7,379.74,125.4,50.56,50.29,49.48,46.55,44.59,44.34
10/30/16,403,2016.8292,7,399.15,379.82,125.68,49.36,50.56,50.29,49.48,46.55,44.59
11/6/16,403,2016.8484,6,399.75,379.99,125.31,45.51,49.36,50.56,50.29,49.48,46.55
11/13/16,403.79,2016.8675,6,400.8,380.17,125.73,44.61,45.51,49.36,50.56,50.29,49.48
11/20/16,404.19,2016.8866,7,400.5,380.75,125.79,45.15,44.61,45.51,49.36,50.56,50.29
11/27/16,404.75,2016.9057,5,400.96,381.49,126.03,47.25,45.15,44.61,45.51,49.36,50.56
12/4/16,404.09,2016.9249,7,401.46,381.68,125.08,48.63,47.25,45.15,44.61,45.51,49.36
12/11/16,405.02,2016.944,6,402.58,382,125.75,50.97,48.63,47.25,45.15,44.61,45.51
12/18/16,404.62,2016.9631,7,402.83,382.32,125.1,51.91,50.97,48.63,47.25,45.15,44.61
12/25/16,404.96,2016.9822,7,402.3,382.24,125.22,51.95,51.91,50.97,48.63,47.25,45.15
1/1/17,406.14,2017.0014,7,402.24,382.29,126.12,53.6,51.95,51.91,50.97,48.63,47.25
1/8/17,406.2,2017.0205,7,402.57,383.14,125.99,53.34,53.6,51.95,51.91,50.97,48.63
1/15/17,406.41,2017.0397,7,402.8,382.42,126.03,52.07,53.34,53.6,51.95,51.91,50.97
1/22/17,406.71,2017.0589,4,403.34,384.12,126.19,51.82,52.07,53.34,53.6,51.95,51.91
1/29/17,406.43,2017.0781,6,404.03,383.83,125.8,52.74,51.82,52.07,53.34,53.6,51.95
2/5/17,406.26,2017.0973,7,404.6,383.59,125.53,53.33,52.74,51.82,52.07,53.34,53.6
2/12/17,406.14,2017.1164,7,403.67,385.21,125.32,52.88,53.33,52.74,51.82,52.07,53.34
2/19/17,407.17,2017.1356,5,404.64,384.7,126.25,53.22,52.88,53.33,52.74,51.82,52.07
2/26/17,407.6,2017.1548,7,404.3,384.26,126.56,54.03,53.22,52.88,53.33,52.74,51.82
3/5/17,406.34,2017.174,2,403.95,383.68,125.14,53.56,54.03,53.22,52.88,53.33,52.74
3/12/17,407.77,2017.1932,6,404.92,384.61,126.37,50.5,53.56,54.03,53.22,52.88,53.33
3/19/17,407.02,2017.2123,6,405.72,385.45,125.35,48.03,50.5,53.56,54.03,53.22,52.88
3/26/17,408.6,2017.2315,7,405.78,386.1,126.62,47.28,48.03,50.5,53.56,54.03,53.22
4/2/17,407.84,2017.2507,6,406.41,386.04,125.52,49.14,47.28,48.03,50.5,53.56,54.03
4/9/17,409.03,2017.2699,6,409.03,385.97,126.37,51.26,49.14,47.28,48.03,50.5,53.56
4/16/17,409.84,2017.289,6,407.69,387.7,126.85,53.19,51.26,49.14,47.28,48.03,50.5
4/23/17,410.17,2017.3082,6,407.76,387.08,126.88,51.09,53.19,51.26,49.14,47.28,48.03
4/30/17,409.39,2017.3274,5,407.88,386.67,125.9,49.12,51.09,53.19,51.26,49.14,47.28
5/7/17,409.52,2017.3466,7,407.98,386.69,125.91,47.21,49.12,51.09,53.19,51.26,49.14
5/14/17,410.6,2017.3658,5,407.58,386.53,126.99,47.04,47.21,49.12,51.09,53.19,51.26
5/21/17,410.2,2017.3849,7,408.36,387.02,126.7,49.24,47.04,47.21,49.12,51.09,53.19
5/28/17,409.77,2017.4041,7,407.75,387.15,126.49,50.21,49.24,47.04,47.21,49.12,51.09
6/4/17,409.89,2017.4233,7,406.95,387.04,126.92,48.48,50.21,49.24,47.04,47.21,49.12
6/11/17,409.63,2017.4425,4,407.46,386.59,127.04,46.57,48.48,50.21,49.24,47.04,47.21
6/18/17,408.51,2017.4616,6,407.01,385.84,126.37,45.3,46.57,48.48,50.21,49.24,47.04
6/25/17,407.95,2017.4808,7,406.15,385.39,126.29,43.09,45.3,46.57,48.48,50.21,49.24
7/2/17,408.28,2017.5,5,405.83,385.49,127.12,44.63,43.09,45.3,46.57,48.48,50.21
7/9/17,407.26,2017.5192,7,404.71,385.3,126.62,44.96,44.63,43.09,45.3,46.57,48.48
7/16/17,407.01,2017.5384,7,403.86,384.22,126.9,45.51,44.96,44.63,43.09,45.3,46.57
7/23/17,406.92,2017.5575,6,403.83,384.05,127.35,46.41,45.51,44.96,44.63,43.09,45.3
7/30/17,406.67,2017.5767,6,403.75,382.92,127.63,48.27,46.41,45.51,44.96,44.63,43.09
8/6/17,405.73,2017.5959,7,403.28,382.68,127.23,49.52,48.27,46.41,45.51,44.96,44.63
8/13/17,405.39,2017.6151,6,402.1,382.04,127.4,49.08,49.52,48.27,46.41,45.51,44.96
8/20/17,404.74,2017.6342,7,402.19,382.35,127.23,47.52,49.08,49.52,48.27,46.41,45.51
8/27/17,404.39,2017.6534,7,401.23,381.76,127.32,47.68,47.52,49.08,49.52,48.27,46.41
9/3/17,403.89,2017.6726,6,401.2,381.66,127.19,46.68,47.68,47.52,49.08,49.52,48.27
9/10/17,403.87,2017.6918,7,401.34,380.82,127.45,48.58,46.68,47.68,47.52,49.08,49.52
9/17/17,403.25,2017.711,5,401.28,381.05,127,49.07,48.58,46.68,47.68,47.52,49.08
9/24/17,402.95,2017.7301,6,400.92,380.98,126.77,50.12,49.07,48.58,46.68,47.68,47.52
10/1/17,403.15,2017.7493,6,401.05,381.09,126.92,51.77,50.12,49.07,48.58,46.68,47.68
10/8/17,403.61,2017.7685,7,401.69,381.11,127.25,50.23,51.77,50.12,49.07,48.58,46.68
10/15/17,404.14,2017.7877,6,401.86,381.35,127.55,50.77,50.23,51.77,50.12,49.07,48.58
10/22/17,404.19,2017.8068,6,402.11,381.69,127.3,51.74,50.77,50.23,51.77,50.12,49.07
10/29/17,404.34,2017.826,6,403.04,382,127.12,52.51,51.74,50.77,50.23,51.77,50.12
11/5/17,404.44,2017.8452,7,403.11,382.29,126.86,54.59,52.51,51.74,50.77,50.23,51.77
11/12/17,405.26,2017.8644,7,403.44,382.64,127.31,57.05,54.59,52.51,51.74,50.77,50.23
11/19/17,406.31,2017.8836,5,404.03,383.24,128.01,55.81,57.05,54.59,52.51,51.74,50.77
11/26/17,406.52,2017.9027,5,404.95,383.11,127.88,57.47,55.81,57.05,54.59,52.51,51.74
12/3/17,406.94,2017.9219,7,404.13,383.9,127.98,57.81,57.47,55.81,57.05,54.59,52.51
12/10/17,406.74,2017.9411,7,404.83,383.96,127.49,56.92,57.81,57.47,55.81,57.05,54.59
12/17/17,406.99,2017.9603,7,404.74,384.51,127.47,57.17,56.92,57.81,57.47,55.81,57.05
12/24/17,407.41,2017.9795,7,404.88,384.36,127.64,57.87,57.17,56.92,57.81,57.47,55.81
12/31/17,407.57,2017.9986,7,405.99,385.01,127.65,59.88,57.87,57.17,56.92,57.81,57.47
1/7/18,408.33,2018.0178,6,406.26,384.69,128.2,61.36,59.88,57.87,57.17,56.92,57.81
1/14/18,408.08,2018.037,7,406.31,386.21,127.77,63.26,61.36,59.88,57.87,57.17,56.92
1/21/18,408.47,2018.0562,6,406.97,386.48,127.99,63.77,63.26,61.36,59.88,57.87,57.17
1/28/18,408.07,2018.0753,7,406.25,386.84,127.46,65.14,63.77,63.26,61.36,59.88,57.87
2/4/18,408.4,2018.0945,7,406.33,386.28,127.66,65.32,65.14,63.77,63.26,61.36,59.88
2/11/18,408.56,2018.1137,7,406.16,386.17,127.72,62.01,65.32,65.14,63.77,63.26,61.36
2/18/18,408.65,2018.1329,7,406.99,385.44,127.71,60.56,62.01,65.32,65.14,63.77,63.26
2/25/18,409.09,2018.1521,7,407.58,385.55,128.03,62.47,60.56,62.01,65.32,65.14,63.77
3/4/18,410.03,2018.1712,7,406.79,386.18,128.82,62.07,62.47,60.56,62.01,65.32,65.14
3/11/18,408.91,2018.1904,6,407.77,385.9,127.51,61.65,62.07,62.47,60.56,62.01,65.32
3/18/18,409.32,2018.2096,7,406.82,386.17,127.69,61.28,61.65,62.07,62.47,60.56,62.01
3/25/18,410.22,2018.2288,6,408.53,387,128.3,64.11,61.28,61.65,62.07,62.47,60.56
4/1/18,409.39,2018.2479,7,407.93,388.61,127.15,64.97,64.11,61.28,61.65,62.07,62.47
4/8/18,409.65,2018.2671,4,408.82,386.87,127.07,63.07,64.97,64.11,61.28,61.65,62.07
4/15/18,411.26,2018.2863,2,409.76,386.8,128.35,66.02,63.07,64.97,64.11,61.28,61.65
4/22/18,411.88,2018.3055,6,410.18,387.7,128.68,67.55,66.02,63.07,64.97,64.11,61.28
4/29/18,409.86,2018.3247,5,409.28,387.44,126.43,67.91,67.55,66.02,63.07,64.97,64.11
5/6/18,411.26,2018.3438,4,409.68,389.01,127.69,68.38,67.91,67.55,66.02,63.07,64.97
5/13/18,412.07,2018.363,7,410.37,389.12,128.47,70.56,68.38,67.91,67.55,66.02,63.07
5/20/18,411.65,2018.3822,5,410.23,389.07,128.14,71.3,70.56,68.38,67.91,67.55,66.02
5/27/18,411.61,2018.4014,7,409.79,388.87,128.29,70.98,71.3,70.56,68.38,67.91,67.55
6/3/18,411.14,2018.4205,7,409.96,388.63,128.11,66.96,70.98,71.3,70.56,68.38,67.91
6/10/18,411.36,2018.4397,7,409.73,387.81,128.71,65.35,66.96,70.98,71.3,70.56,68.38
6/17/18,410.56,2018.4589,6,408.57,387.94,128.33,66.21,65.35,66.96,70.98,71.3,70.56
6/24/18,410.76,2018.4781,7,408.11,387.52,129.01,66.32,66.21,65.35,66.96,70.98,71.3
7/1/18,409.6,2018.4973,5,408.14,-999.99,128.34,74.03,66.32,66.21,65.35,66.96,70.98
7/8/18,409.35,2018.5164,6,407.24,-999.99,128.61,73.73,74.03,66.32,66.21,65.35,66.96
7/15/18,408.74,2018.5356,7,407.12,-999.99,128.52,71.96,73.73,74.03,66.32,66.21,65.35
7/22/18,408.48,2018.5548,7,406.98,386.2,128.78,68.95,71.96,73.73,74.03,66.32,66.21
7/29/18,407.65,2018.574,6,406.69,385.3,128.48,70.01,68.95,71.96,73.73,74.03,66.32
8/5/18,407.42,2018.5932,7,405.75,385.32,128.78,69.46,70.01,68.95,71.96,73.73,74.03
8/12/18,407.26,2018.6123,7,405.58,384.14,129.14,67.9,69.46,70.01,68.95,71.96,73.73
8/19/18,407.03,2018.6315,7,404.73,383.79,129.4,66.15,67.9,69.46,70.01,68.95,71.96
8/26/18,406.3,2018.6507,7,404.47,383.51,129.12,68.1,66.15,67.9,69.46,70.01,68.95
9/2/18,405.68,2018.6699,7,404.11,383.72,128.89,69.66,68.1,66.15,67.9,69.46,70.01
9/9/18,405.58,2018.689,7,403.77,383.28,129.1,68.51,69.66,68.1,66.15,67.9,69.46
9/16/18,405.88,2018.7082,7,403.36,383.54,129.6,68.96,68.51,69.66,68.1,66.15,67.9
9/23/18,405.74,2018.7274,6,402.99,383.24,129.56,70.28,68.96,68.51,69.66,68.1,66.15
9/30/18,405.69,2018.7466,7,403.1,382.99,129.5,72.84,70.28,68.96,68.51,69.66,68.1
10/7/18,405.77,2018.7658,7,403.58,383.01,129.45,75.13,72.84,70.28,68.96,68.51,69.66
10/14/18,406.2,2018.7849,6,404.01,383.15,129.66,72.96,75.13,72.84,70.28,68.96,68.51
10/21/18,406.81,2018.8041,7,404.23,383.26,129.97,70.24,72.96,75.13,72.84,70.28,68.96
10/28/18,406.67,2018.8233,6,404.27,384.18,129.5,67.43,70.24,72.96,75.13,72.84,70.28
11/4/18,407.18,2018.8425,5,404.45,384.02,129.65,65.06,67.43,70.24,72.96,75.13,72.84
11/11/18,408.94,2018.8616,5,405.09,384.37,131.04,61.57,65.06,67.43,70.24,72.96,75.13
11/18/18,408.78,2018.8808,6,406.23,384.64,130.52,56.92,61.57,65.06,67.43,70.24,72.96
11/25/18,408.58,2018.9,7,406.46,384.7,130,54.99,56.92,61.57,65.06,67.43,70.24
12/2/18,408.68,2018.9192,6,407.02,385.33,129.8,51.01,54.99,56.92,61.57,65.06,67.43
12/9/18,409.6,2018.9384,7,406.5,385.61,130.43,52.63,51.01,54.99,56.92,61.57,65.06
12/16/18,409.51,2018.9575,7,407.08,385.78,130.08,51.54,52.63,51.01,54.99,56.92,61.57
12/23/18,409.33,2018.9767,7,407.37,386.2,129.66,46.98,51.54,52.63,51.01,54.99,56.92
12/30/18,409.8,2018.9959,7,407.58,386.48,129.9,45.22,46.98,51.54,52.63,51.01,54.99
1/6/19,410.86,2019.0151,6,408.04,386.64,130.76,47,45.22,46.98,51.54,52.63,51.01
1/13/19,410.55,2019.0342,4,408.2,387.36,130.27,50.78,47,45.22,46.98,51.54,52.63
1/20/19,412.19,2019.0534,6,408.51,387.39,131.74,51.92,50.78,47,45.22,46.98,51.54
1/27/19,411.23,2019.0726,7,408.15,387.81,130.63,52.88,51.92,50.78,47,45.22,46.98
2/3/19,411.83,2019.0918,7,408.01,387.21,131.11,53.63,52.88,51.92,50.78,47,45.22
2/10/19,412.63,2019.111,6,408.75,387.39,131.8,53.53,53.63,52.88,51.92,50.78,47
2/17/19,411.19,2019.1301,7,408.65,387.83,130.26,53.88,53.53,53.63,52.88,51.92,50.78
2/24/19,412.62,2019.1493,7,408.97,388.64,131.57,56.74,53.88,53.53,53.63,52.88,51.92
3/3/19,412.37,2019.1685,7,409.98,389.19,131.18,56.12,56.74,53.88,53.53,53.63,52.88
3/10/19,412.37,2019.1877,7,409.12,388.93,131,56.35,56.12,56.74,53.88,53.53,53.63
3/17/19,412.02,2019.2068,7,409.25,388.5,130.42,57.81,56.35,56.12,56.74,53.88,53.53
3/24/19,411.53,2019.226,4,410.1,389.53,129.66,59.44,57.81,56.35,56.12,56.74,53.88
3/31/19,412.4,2019.2452,6,409.35,389.34,130.21,59.49,59.44,57.81,56.35,56.12,56.74
4/7/19,413.35,2019.2644,6,409.65,389.72,130.83,62.36,59.49,59.44,57.81,56.35,56.12
4/14/19,413.82,2019.2836,7,411.19,388.88,130.96,64.1,62.36,59.49,59.44,57.81,56.35
4/21/19,413.99,2019.3027,6,411.92,390.16,130.82,63.8,64.1,62.36,59.49,59.44,57.81
4/28/19,414.52,2019.3219,6,410.07,390.58,131.12,65.28,63.8,64.1,62.36,59.49,59.44
5/5/19,414.54,2019.3411,7,410.97,390.01,130.99,62.9,65.28,63.8,64.1,62.36,59.49
5/12/19,415.62,2019.3603,6,412.06,390.34,132.02,61.81,62.9,65.28,63.8,64.1,62.36
5/19/19,414.97,2019.3795,6,411.65,390.75,131.44,62.1,61.81,62.9,65.28,63.8,64.1
5/26/19,414.52,2019.3986,7,411.78,390.38,131.17,60.72,62.1,61.81,62.9,65.28,63.8
6/2/19,414.62,2019.4178,6,411.08,390.28,131.55,56.93,60.72,62.1,61.81,62.9,65.28
6/9/19,414.31,2019.437,6,411.41,390.39,131.6,52.97,56.93,60.72,62.1,61.81,62.9
6/16/19,414.09,2019.4562,7,410.57,389.42,131.81,52.52,52.97,56.93,60.72,62.1,61.81
6/23/19,413.65,2019.4753,6,410.92,388.77,131.83,54.75,52.52,52.97,56.93,60.72,62.1
6/30/19,413.66,2019.4945,7,409.77,388.85,132.33,58.38,54.75,52.52,52.97,56.93,60.72
7/7/19,412.32,2019.5137,7,409.27,388.7,131.5,57.32,58.38,54.75,52.52,52.97,56.93
7/14/19,412.38,2019.5329,3,408.77,388.42,132.08,59.02,57.32,58.38,54.75,52.52,52.97
7/21/19,411.08,2019.5521,5,408.55,387.88,131.31,56.74,59.02,57.32,58.38,54.75,52.52
7/28/19,410.29,2019.5712,7,407.74,387.49,131.05,56.05,56.74,59.02,57.32,58.38,54.75
8/4/19,410.56,2019.5904,7,407.53,387.29,131.84,56.55,56.05,56.74,59.02,57.32,58.38
8/11/19,410.5,2019.6096,7,407.26,386.16,132.3,53.28,56.55,56.05,56.74,59.02,57.32
8/18/19,409.8,2019.6288,6,407.09,385.93,132.1,55.31,53.28,56.55,56.05,56.74,59.02
8/25/19,409.68,2019.6479,6,406.49,385.79,132.44,55.5,55.31,53.28,56.55,56.05,56.74
9/1/19,409.07,2019.6671,7,405.71,385.33,132.23,55.21,55.5,55.31,53.28,56.55,56.05
9/8/19,408.84,2019.6863,7,405.5,384.9,132.32,55.73,55.21,55.5,55.31,53.28,56.55
9/15/19,408.74,2019.7055,6,405.86,384.8,132.45,56.16,55.73,55.21,55.5,55.31,53.28
9/22/19,408.55,2019.7247,7,405.83,384.96,132.37,59.33,56.16,55.73,55.21,55.5,55.31
9/29/19,408.2,2019.7438,7,405.68,384.05,132.01,56.9,59.33,56.16,55.73,55.21,55.5
10/6/19,408.61,2019.763,7,405.69,384.26,132.32,53.12,56.9,59.33,56.16,55.73,55.21
10/13/19,408.85,2019.7822,7,406.18,384.65,132.35,53.27,53.12,56.9,59.33,56.16,55.73
10/20/19,408.95,2019.8014,5,406.8,384.95,132.17,53.49,53.27,53.12,56.9,59.33,56.16
10/27/19,409.52,2019.8205,6,406.63,385.27,132.4,55.2,53.49,53.27,53.12,56.9,59.33
11/3/19,410.13,2019.8397,6,407.18,385.63,132.65,55.17,55.2,53.49,53.27,53.12,56.9
11/10/19,410.42,2019.8589,6,409.12,385.97,132.57,56.69,55.17,55.2,53.49,53.27,53.12
11/17/19,410.41,2019.8781,6,408.71,386.57,132.21,56.85,56.69,55.17,55.2,53.49,53.27
11/24/19,410.95,2019.8973,7,408.62,386.72,132.41,56.9,56.85,56.69,55.17,55.2,53.49
12/1/19,411.29,2019.9164,7,408.66,387.29,132.44,58.07,56.9,56.85,56.69,55.17,55.2
12/8/19,411.55,2019.9356,7,409.42,387.11,132.42,57.64,58.07,56.9,56.85,56.69,55.17
12/15/19,412.11,2019.9548,7,409.52,-999.99,132.72,59.25,57.64,58.07,56.9,56.85,56.69
12/22/19,412.43,2019.974,7,409.44,388.38,132.8,60.75,59.25,57.64,58.07,56.9,56.85
12/29/19,413.21,2019.9932,6,409.75,388.87,133.35,61.29,60.75,59.25,57.64,58.07,56.9
1/5/20,413.6,2020.0123,7,410.13,388.41,133.53,62.09,61.29,60.75,59.25,57.64,58.07
1/12/20,413.02,2020.0314,6,410.88,388.61,132.76,60.84,62.09,61.29,60.75,59.25,57.64
1/19/20,413.87,2020.0505,7,412.4,388.47,133.44,58.29,60.84,62.09,61.29,60.75,59.25
1/26/20,414.26,2020.0697,7,411.26,389.58,133.68,56.15,58.29,60.84,62.09,61.29,60.75
2/2/20,414.53,2020.0888,7,411.31,390.87,133.83,52.7,56.15,58.29,60.84,62.09,61.29
2/9/20,414.63,2020.1079,6,412.92,390.53,133.82,50.36,52.7,56.15,58.29,60.84,62.09
2/16/20,414.29,2020.127,7,411.44,390.65,133.37,50.83,50.36,52.7,56.15,58.29,60.84
2/23/20,413.95,2020.1462,7,412.46,388.96,132.92,53.14,50.83,50.36,52.7,56.15,58.29
3/1/20,414.09,2020.1653,7,412.13,391.58,132.93,48.36,53.14,50.83,50.36,52.7,56.15
3/8/20,414.34,2020.1844,6,412.79,391.47,133.01,45.57,48.36,53.14,50.83,50.36,52.7
3/15/20,414.51,2020.2036,6,411.97,391.43,132.95,32.39,45.57,48.36,53.14,50.83,50.36
3/22/20,415.78,2020.2227,4,411.46,390.97,133.96,24.19,32.39,45.57,48.36,53.14,50.83
3/29/20,415.98,2020.2418,6,412.59,391.67,133.85,19.44,24.19,32.39,45.57,48.36,53.14
4/5/20,416.68,2020.2609,7,412.88,391.32,134.21,21.69,19.44,24.19,32.39,45.57,48.36
4/12/20,416.51,2020.2801,7,413.85,393.07,133.7,24.41,21.69,19.44,24.19,32.39,45.57
4/19/20,416.12,2020.2992,6,413.93,393.48,133.01,20.12,24.41,21.69,19.44,24.19,32.39
4/26/20,417.05,2020.3183,7,414.68,393.4,133.69,3.32,20.12,24.41,21.69,19.44,24.19
5/3/20,417.06,2020.3374,6,414.32,393.17,133.53,15.71,3.32,20.12,24.41,21.69,19.44
5/10/20,417.03,2020.3566,6,415.53,392.9,133.43,23.46,15.71,3.32,20.12,24.41,21.69
5/17/20,417.21,2020.3757,5,414.95,393.67,133.66,26.4,23.46,15.71,3.32,20.12,24.41
5/24/20,417.67,2020.3948,7,414.62,392.85,134.28,33.1,26.4,23.46,15.71,3.32,20.12
5/31/20,417.44,2020.4139,6,414.51,393.49,134.3,34.19,33.1,26.4,23.46,15.71,3.32
6/7/20,416.58,2020.4331,5,414.62,392.94,133.79,37.32,34.19,33.1,26.4,23.46,15.71
6/14/20,416.5,2020.4522,7,414.01,392.04,134.13,37.87,37.32,34.19,33.1,26.4,23.46
6/21/20,416.28,2020.4713,7,413.73,391.65,134.36,38.35,37.87,37.32,34.19,33.1,26.4
6/28/20,415.67,2020.4904,7,413.62,391.35,134.24,39.22,38.35,37.87,37.32,34.19,33.1
7/5/20,415.47,2020.5096,7,412.36,390.61,134.55,39.85,39.22,38.35,37.87,37.32,34.19
7/12/20,414.76,2020.5287,7,412.63,390.03,134.35,40.44,39.85,39.22,38.35,37.87,37.32
7/19/20,414.11,2020.5478,6,411.55,390.42,134.23,40.57,40.44,39.85,39.22,38.35,37.87
7/26/20,413.45,2020.5669,7,410.2,389.96,134.09,41.34,40.57,40.44,39.85,39.22,38.35
8/2/20,413.4,2020.5861,4,410.57,388.92,134.57,40.69,41.34,40.57,40.44,39.85,39.22
8/9/20,412.98,2020.6052,6,410.53,389.07,134.66,41.57,40.69,41.34,40.57,40.44,39.85
8/16/20,412.62,2020.6243,5,409.98,388.58,134.8,42.08,41.57,40.69,41.34,40.57,40.44
8/23/20,412.19,2020.6434,7,409.65,387.66,134.85,42.73,42.08,41.57,40.69,41.34,40.57
8/30/20,411.82,2020.6626,7,409.07,387.77,134.89,42.93,42.73,42.08,41.57,40.69,41.34
9/6/20,411.6,2020.6817,7,409,386.44,135.01,41.84,42.93,42.73,42.08,41.57,40.69
9/13/20,411.7,2020.7008,7,408.73,387.19,135.35,37.38,41.84,42.93,42.73,42.08,41.57
9/20/20,411.23,2020.7199,6,408.57,387,135.03,39.55,37.38,41.84,42.93,42.73,42.08
9/27/20,411.29,2020.7391,7,408.21,386.96,135.11,39.78,39.55,37.38,41.84,42.93,42.73
10/4/20,411.28,2020.7582,7,408.56,387.17,135.02,38.99,39.78,39.55,37.38,41.84,42.93
10/11/20,411.35,2020.7773,7,408.8,387.05,134.9,40.19,38.99,39.78,39.55,37.38,41.84
10/18/20,411.75,2020.7964,6,408.96,387.73,135.04,40.33,40.19,38.99,39.78,39.55,37.38
10/25/20,411.71,2020.8156,7,409.44,388.02,134.68,40.43,40.33,40.19,38.99,39.78,39.55
11/1/20,411.99,2020.8347,6,410.1,388.22,134.6,37.32,40.43,40.33,40.19,38.99,39.78
11/8/20,412.98,2020.8538,7,410.44,388.37,135.23,37.71,37.32,40.43,40.33,40.19,38.99
11/15/20,412.76,2020.873,6,410.39,389.01,134.65,40.66,37.71,37.32,40.43,40.33,40.19
11/22/20,414.07,2020.8921,6,410.86,389.68,135.62,41.52,40.66,37.71,37.32,40.43,40.33
11/29/20,413.97,2020.9112,7,411.19,389.88,135.2,44.4,41.52,40.66,37.71,37.32,40.43
12/6/20,413.63,2020.9303,7,411.51,390.01,134.57,45.37,44.4,41.52,40.66,37.71,37.32
12/13/20,414.15,2020.9495,7,411.96,389.54,134.83,46.04,45.37,44.4,41.52,40.66,37.71
12/20/20,414.84,2020.9686,6,412.52,390.46,135.27,47.97,46.04,45.37,44.4,41.52,40.66
12/27/20,415.33,2020.9877,7,413.02,390.19,135.53,47.73,47.97,46.04,45.37,44.4,41.52
1/3/21,415.38,2021.0068,7,413.61,391.84,135.37,47.98,47.73,47.97,46.04,45.37,44.4
1/10/21,415.07,2021.026,5,412.98,390.83,134.86,50.09,47.98,47.73,47.97,46.04,45.37
1/17/21,415.42,2021.0452,7,414.01,391.8,135.04,52.75,50.09,47.98,47.73,47.97,46.04
1/24/21,416.01,2021.0644,7,413.96,391.68,135.48,52.82,52.75,50.09,47.98,47.73,47.97
1/31/21,417.12,2021.0836,7,414.5,392.19,136.46,52.52,52.82,52.75,50.09,47.98,47.73
2/7/21,416.91,2021.1027,6,414.91,391.64,136.12,55.39,52.52,52.82,52.75,50.09,47.98