Date,oil_production
1/22/21,10900
1/15/21,11000
1/8/21,11000
1/1/21,11000
12/25/20,11000
12/18/20,11000
12/11/20,11000
12/4/20,11100
11/27/20,11100
11/20/20,11000
11/13/20,10900
11/6/20,10500
10/30/20,10500
10/23/20,11100
10/16/20,9900
10/9/20,10500
10/2/20,11000
9/25/20,10700
9/18/20,10700
9/11/20,10900
9/4/20,10000
8/28/20,9700
8/21/20,10800
8/14/20,10700
8/7/20,10700
7/31/20,11000
7/24/20,11100
7/17/20,11100
7/10/20,11000
7/3/20,11000
6/26/20,11000
6/19/20,11000
6/12/20,10500
6/5/20,11100
5/29/20,11200
5/22/20,11400
5/15/20,11500
5/8/20,11600
5/1/20,11900
4/24/20,12100
4/17/20,12200
4/10/20,12300
4/3/20,12400
3/27/20,13000
3/20/20,13000
3/13/20,13100
3/6/20,13000
2/28/20,13100
2/21/20,13000
2/14/20,13000
2/7/20,13000
1/31/20,12900
1/24/20,13000
1/17/20,13000
1/10/20,13000
1/3/20,12900
12/27/19,12900
12/20/19,12900
12/13/19,12800
12/6/19,12800
11/29/19,12900
11/22/19,12900
11/15/19,12800
11/8/19,12800
11/1/19,12600
10/25/19,12600
10/18/19,12600
10/11/19,12600
10/4/19,12600
9/27/19,12400
9/20/19,12500
9/13/19,12400
9/6/19,12400
8/30/19,12400
8/23/19,12500
8/16/19,12300
8/9/19,12300
8/2/19,12300
7/26/19,12200
7/19/19,11300
7/12/19,12000
7/5/19,12300
6/28/19,12200
6/21/19,12100
6/14/19,12200
6/7/19,12300
5/31/19,12400
5/24/19,12300
5/17/19,12200
5/10/19,12100
5/3/19,12200
4/26/19,12300
4/19/19,12200
4/12/19,12100
4/5/19,12200
3/29/19,12200
3/22/19,12100
3/15/19,12100
3/8/19,12000
3/1/19,12100
2/22/19,12100
2/15/19,12000
2/8/19,11900
2/1/19,11900
1/25/19,11900
1/18/19,11900
1/11/19,11900
1/4/19,11700
12/28/18,11700
12/21/18,11700
12/14/18,11600
12/7/18,11600
11/30/18,11700
11/23/18,11700
11/16/18,11700
11/9/18,11700
11/2/18,11600
10/26/18,11200
10/19/18,10900
10/12/18,10900
10/5/18,11200
9/28/18,11100
9/21/18,11100
9/14/18,11000
9/7/18,10900
8/31/18,11000
8/24/18,11000
8/17/18,11000
8/10/18,10900
8/3/18,10800
7/27/18,10900
7/20/18,11000
7/13/18,11000
7/6/18,10900
6/29/18,10900
6/22/18,10900
6/15/18,10900
6/8/18,10900
6/1/18,10800
5/25/18,10769
5/18/18,10725
5/11/18,10723
5/4/18,10703
4/27/18,10619
4/20/18,10586
4/13/18,10540
4/6/18,10525
3/30/18,10460
3/23/18,10433
3/16/18,10407
3/9/18,10381
3/2/18,10369
2/23/18,10283
2/16/18,10270
2/9/18,10271
2/2/18,10251
1/26/18,9919
1/19/18,9878
1/12/18,9750
1/5/18,9492
12/29/17,9782
12/22/17,9754
12/15/17,9789
12/8/17,9780
12/1/17,9707
11/24/17,9682
11/17/17,9658
11/10/17,9645
11/3/17,9620
10/27/17,9553
10/20/17,9507
10/13/17,8406
10/6/17,9480
9/29/17,9561
9/22/17,9547
9/15/17,9510
9/8/17,9353
9/1/17,8781
8/25/17,9530
8/18/17,9528
8/11/17,9502
8/4/17,9423
7/28/17,9430
7/21/17,9410
7/14/17,9429
7/7/17,9397
6/30/17,9338
6/23/17,9250
6/16/17,9350
6/9/17,9330
6/2/17,9318
5/26/17,9342
5/19/17,9320
5/12/17,9305
5/5/17,9314
4/28/17,9293
4/21/17,9265
4/14/17,9252
4/7/17,9235
3/31/17,9199
3/24/17,9147
3/17/17,9129
3/10/17,9109
3/3/17,9088
2/24/17,9032
2/17/17,9001
2/10/17,8977
2/3/17,8978
1/27/17,8915
1/20/17,8961
1/13/17,8944
1/6/17,8946
12/30/16,8770
12/23/16,8766
12/16/16,8786
12/9/16,8796
12/2/16,8697
11/25/16,8699
11/18/16,8690
11/11/16,8681
11/4/16,8692
10/28/16,8522
10/21/16,8504
10/14/16,8464
10/7/16,8450
9/30/16,8467
9/23/16,8497
9/16/16,8512
9/9/16,8493
9/2/16,8458
8/26/16,8488
8/19/16,8548
8/12/16,8597
8/5/16,8445
7/29/16,8460
7/22/16,8515
7/15/16,8494
7/8/16,8485
7/1/16,8428
6/24/16,8622
6/17/16,8677
6/10/16,8716
6/3/16,8745
5/27/16,8735
5/20/16,8767
5/13/16,8791
5/6/16,8802
4/29/16,8825
4/22/16,8938
4/15/16,8953
4/8/16,8977
4/1/16,9008
3/25/16,9022
3/18/16,9038
3/11/16,9068
3/4/16,9078
2/26/16,9077
2/19/16,9102
2/12/16,9135
2/5/16,9186
1/29/16,9214
1/22/16,9221
1/15/16,9235
1/8/16,9227
1/1/16,9219
12/25/15,9202
12/18/15,9179
12/11/15,9176
12/4/15,9164
11/27/15,9202
11/20/15,9165
11/13/15,9182
11/6/15,9185
10/30/15,9160
10/23/15,9112
10/16/15,9096
10/9/15,9096
10/2/15,9172
9/25/15,9096
9/18/15,9136
9/11/15,9117
9/4/15,9135
8/28/15,9218
8/21/15,9337
8/14/15,9348
8/7/15,9395
7/31/15,9465
7/24/15,9413
7/17/15,9558
7/10/15,9562
7/3/15,9604
6/26/15,9595
6/19/15,9604
6/12/15,9589
6/5/15,9610
5/29/15,9586
5/22/15,9566
5/15/15,9262
5/8/15,9374
5/1/15,9369
4/24/15,9373
4/17/15,9366
4/10/15,9384
4/3/15,9404
3/27/15,9386
3/20/15,9422
3/13/15,9419
3/6/15,9366
2/27/15,9324
2/20/15,9285
2/13/15,9280
2/6/15,9226
1/30/15,9177
1/23/15,9213
1/16/15,9186
1/9/15,9192
1/2/15,9132
12/26/14,9121
12/19/14,9127
12/12/14,9137
12/5/14,9118
11/28/14,9083
11/21/14,9077
11/14/14,9004
11/7/14,9063
10/31/14,8972
10/24/14,8970
10/17/14,8934
10/10/14,8951
10/3/14,8875
9/26/14,8837
9/19/14,8867
9/12/14,8838
9/5/14,8590
8/29/14,8630
8/22/14,8631
8/15/14,8577
8/8/14,8556
8/1/14,8453
7/25/14,8443
7/18/14,8565
7/11/14,8592
7/4/14,8514
6/27/14,8442
6/20/14,8446
6/13/14,8477
6/6/14,8460
5/30/14,8383
5/23/14,8472
5/16/14,8434
5/9/14,8428
5/2/14,8350
4/25/14,8352
4/18/14,8360
4/11/14,8301
4/4/14,8229
3/28/14,8192
3/21/14,8190
3/14/14,8215
3/7/14,8182
2/28/14,8077
2/21/14,8059
2/14/14,8148
2/7/14,8132
1/31/14,8044
1/24/14,8044
1/17/14,8052
1/10/14,8159
1/3/14,8145
12/27/13,8121
12/20/13,8111
12/13/13,8058
12/6/13,8075
11/29/13,8011
11/22/13,8019
11/15/13,7974
11/8/13,7981
11/1/13,7858
10/25/13,7853
10/18/13,7896
10/11/13,7428
10/4/13,7809
9/27/13,7784
9/20/13,7777
9/13/13,7827
9/6/13,7745
8/30/13,7621
8/23/13,7609
8/16/13,7518
8/9/13,7571
8/2/13,7560
7/26/13,7542
7/19/13,7555
7/12/13,7490
7/5/13,7401
6/28/13,7267
6/21/13,7261
6/14/13,7129
6/7/13,7224
5/31/13,7300
5/24/13,7292
5/17/13,7258
5/10/13,7321
5/3/13,7369
4/26/13,7312
4/19/13,7326
4/12/13,7208
4/5/13,7181
3/29/13,7151
3/22/13,7151
3/15/13,7150
3/8/13,7159
3/1/13,7093
2/22/13,7096
2/15/13,7118
2/8/13,7064
2/1/13,6997
1/25/13,6993
1/18/13,6989
1/11/13,7041
1/4/13,7002
12/28/12,6985
12/21/12,6984
12/14/12,6863
12/7/12,6852
11/30/12,6817
11/23/12,6818
11/16/12,6710
11/9/12,6709
11/2/12,6677
10/26/12,6669
10/19/12,6610
10/12/12,6606
10/5/12,6598
9/28/12,6520
9/21/12,6509
9/14/12,6277
9/7/12,5526
8/31/12,5486
8/24/12,6258
8/17/12,6246
8/10/12,6181
8/3/12,6218
7/27/12,6320
7/20/12,6364
7/13/12,6245
7/6/12,6249
6/29/12,6094
6/22/12,6257
6/15/12,6353
6/8/12,6236
6/1/12,6245
5/25/12,6227
5/18/12,6239
5/11/12,6149
5/4/12,6136
4/27/12,6121
4/20/12,6113
4/13/12,6043
4/6/12,6040
3/30/12,6049
3/23/12,5821
3/16/12,5826
3/9/12,5830
3/2/12,5806
2/24/12,5814
2/17/12,5817
2/10/12,5819
2/3/12,5763
1/27/12,5720
1/20/12,5722
1/13/12,5726
1/6/12,5844
12/30/11,5851
12/23/11,5846
12/16/11,5862
12/9/11,5862
12/2/11,5861
11/25/11,5864
11/18/11,5887
11/11/11,5894
11/4/11,5846
10/28/11,5818
10/21/11,5876
10/14/11,5891
10/7/11,5878
9/30/11,5800
9/23/11,5756
9/16/11,5747
9/9/11,5083
9/2/11,5642
8/26/11,5598
8/19/11,5591
8/12/11,5561
8/5/11,5529
7/29/11,5523
7/22/11,5377
7/15/11,5591
7/8/11,5578
7/1/11,5520
6/24/11,5593
6/17/11,5650
6/10/11,5643
6/3/11,5633
5/27/11,5609
5/20/11,5583
5/13/11,5618
5/6/11,5609
4/29/11,5623
4/22/11,5610
4/15/11,5625
4/8/11,5635
4/1/11,5638
3/25/11,5568
3/18/11,5570
3/11/11,5591
3/4/11,5593
2/25/11,5591
2/18/11,5604
2/11/11,5610
2/4/11,5597
1/28/11,5568
1/21/11,5321
1/14/11,5205
1/7/11,5575
12/31/10,5598
12/24/10,5575
12/17/10,5598
12/10/10,5604
12/3/10,5582
11/26/10,5555
11/19/10,5581
11/12/10,5597
11/5/10,5596
10/29/10,5593
10/22/10,5540
10/15/10,5536
10/8/10,5528
10/1/10,5514
9/24/10,5562
9/17/10,5556
9/10/10,5573
9/3/10,5603
8/27/10,5602
8/20/10,5511
8/13/10,5352
8/6/10,5239
7/30/10,5440
7/23/10,5486
7/16/10,5460
7/9/10,5352
7/2/10,5414
6/25/10,5257
6/18/10,5501
6/11/10,5503
6/4/10,5445
5/28/10,5320
5/21/10,5540
5/14/10,5516
5/7/10,5533
4/30/10,5522
4/23/10,5488
4/16/10,5466
4/9/10,5475
4/2/10,5473
3/26/10,5489
3/19/10,5536
3/12/10,5540
3/5/10,5527
2/26/10,5510
2/19/10,5505
2/12/10,5482
2/5/10,5475
1/29/10,5403
1/22/10,5421
1/15/10,5404
1/8/10,5496
1/1/10,5507
12/25/09,5512
12/18/09,5524
12/11/09,5524
12/4/09,5538
11/27/09,5561
11/20/09,5433
11/13/09,5317
11/6/09,5506
10/30/09,5391
10/23/09,5357
10/16/09,5371
10/9/09,5377
10/2/09,5360
9/25/09,5375
9/18/09,5300
9/11/09,5304
9/4/09,5266
8/28/09,5244
8/21/09,5173
8/14/09,5169
8/7/09,5172
7/31/09,5246
7/24/09,5107
7/17/09,5176
7/10/09,5171
7/3/09,5171
6/26/09,5163
6/19/09,5257
6/12/09,5273
6/5/09,5358
5/29/09,5358
5/22/09,5364
5/15/09,5352
5/8/09,5306
5/1/09,5280
4/24/09,5269
4/17/09,5421
4/10/09,5482
4/3/09,5469
3/27/09,5480
3/20/09,5432
3/13/09,5414
3/6/09,5401
2/27/09,5373
2/20/09,5300
2/13/09,5323
2/6/09,5327
1/30/09,5235
1/23/09,5045
1/16/09,5052
1/9/09,4917
1/2/09,4935
12/26/08,4979
12/19/08,4972
12/12/08,4967
12/5/08,5152
11/28/08,5118
11/21/08,5006
11/14/08,4943
11/7/08,4885
10/31/08,4776
10/24/08,4675
10/17/08,4630
10/10/08,4572
10/3/08,4422
9/26/08,3839
9/19/08,3932
9/12/08,3988
9/5/08,4084
8/29/08,5097
8/22/08,4906
8/15/08,5078
8/8/08,5139
8/1/08,5172
7/25/08,5160
7/18/08,5165
7/11/08,5139
7/4/08,4960
6/27/08,5123
6/20/08,5120
6/13/08,5145
6/6/08,5114
5/30/08,5139
5/23/08,5128
5/16/08,5045
5/9/08,5128
5/2/08,5099
4/25/08,5098
4/18/08,5101
4/11/08,5096
4/4/08,5097
3/28/08,5087
3/21/08,5103
3/14/08,5100
3/7/08,5100
2/29/08,5050
2/22/08,5044
2/15/08,5034
2/8/08,5044
2/1/08,5013
1/25/08,4998
1/18/08,5042
1/11/08,5013
1/4/08,5051
12/28/07,5078
12/21/07,5117
12/14/07,5110
12/7/07,5117
11/30/07,5133
11/23/07,5117
11/16/07,4942
11/9/07,5134
11/2/07,5126
10/26/07,5114
10/19/07,5122
10/12/07,5102
10/5/07,5059
9/28/07,5064
9/21/07,5027
9/14/07,5039
9/7/07,5129
8/31/07,5021
8/24/07,5161
8/17/07,5119
8/10/07,5192
8/3/07,5142
7/27/07,5206
7/20/07,5184
7/13/07,5201
7/6/07,5198
6/29/07,5122
6/22/07,5108
6/15/07,5093
6/8/07,5170
6/1/07,5180
5/25/07,5148
5/18/07,5207
5/11/07,5201
5/4/07,5131
4/27/07,5089
4/20/07,5128
4/13/07,5125
4/6/07,5179
3/30/07,5243
3/23/07,5218
3/16/07,5235
3/9/07,5218
3/2/07,5267
2/23/07,5285
2/16/07,5323
2/9/07,5316
2/2/07,5283
1/26/07,5224
1/19/07,5241
1/12/07,5317
1/5/07,5370
12/29/06,5369
12/22/06,5361
12/15/06,5348
12/8/06,5357
12/1/06,5368
11/24/06,5030
11/17/06,5269
11/10/06,5326
11/3/06,5329
10/27/06,5307
10/20/06,5221
10/13/06,5132
10/6/06,5253
9/29/06,5151
9/22/06,5106
9/15/06,5109
9/8/06,5076
9/1/06,5101
8/25/06,5099
8/18/06,5087
8/11/06,5150
8/4/06,5144
7/28/06,4940
7/21/06,5141
7/14/06,5265
7/7/06,5275
6/30/06,5129
6/23/06,5162
6/16/06,5198
6/9/06,5211
6/2/06,5097
5/26/06,5088
5/19/06,5093
5/12/06,5069
5/5/06,5128
4/28/06,5122
4/21/06,5127
4/14/06,5125
4/7/06,5053
3/31/06,5024
3/24/06,5016
3/17/06,5027
3/10/06,5154
3/3/06,5054
2/24/06,4985
2/17/06,4997
2/10/06,5003
2/3/06,4903
1/27/06,4862
1/20/06,5119
1/13/06,5110
1/6/06,5023
12/30/05,4864
12/23/05,4891
12/16/05,4890
12/9/05,4933
12/2/05,5021
11/25/05,4765
11/18/05,4579
11/11/05,4583
11/4/05,4306
10/28/05,4068
10/21/05,4108
10/14/05,4147
10/7/05,3901
9/30/05,3813
9/23/05,4348
9/16/05,4500
9/9/05,4268
9/2/05,4360
8/26/05,5427
8/19/05,5395
8/12/05,5359
8/5/05,5417
7/29/05,5149
7/22/05,5448
7/15/05,4758
7/8/05,5463
7/1/05,5498
6/24/05,5359
6/17/05,5541
6/10/05,5542
6/3/05,5515
5/27/05,5537
5/20/05,5539
5/13/05,5521
5/6/05,5510
4/29/05,5423
4/22/05,5415
4/15/05,5441
4/8/05,5428
4/1/05,5504
3/25/05,5496
3/18/05,5480
3/11/05,5504
3/4/05,5489
2/25/05,5492
2/18/05,5436
2/11/05,5427
2/4/05,5421
1/28/05,5437
1/21/05,5456
1/14/05,5417
1/7/05,5430
12/31/04,5430
12/24/04,5421
12/17/04,5461
12/10/04,5439
12/3/04,5396
11/26/04,5408
11/19/04,5395
11/12/04,5391
11/5/04,5319
10/29/04,5176
10/22/04,5110
10/15/04,5090
10/8/04,5033
10/1/04,4656
9/24/04,4946
9/17/04,5087
9/10/04,5337
9/3/04,5360
8/27/04,5401
8/20/04,5113
8/13/04,5243
8/6/04,5414
7/30/04,5367
7/23/04,5446
7/16/04,5334
7/9/04,5485
7/2/04,5404
6/25/04,5394
6/18/04,5434
6/11/04,5411
6/4/04,5452
5/28/04,5460
5/21/04,5608
5/14/04,5611
5/7/04,5626
4/30/04,5624
4/23/04,5618
4/16/04,5588
4/9/04,5611
4/2/04,5661
3/26/04,5658
3/19/04,5657
3/12/04,5658
3/5/04,5675
2/27/04,5661
2/20/04,5622
2/13/04,5658
2/6/04,5703
1/30/04,5710
1/23/04,5709
1/16/04,5717
1/9/04,5705
1/2/04,5664
12/26/03,5658
12/19/03,5663
12/12/03,5592
12/5/03,5597
11/28/03,5709
11/21/03,5683
11/14/03,5692
11/7/03,5596
10/31/03,5550
10/24/03,5614
10/17/03,5605
10/10/03,5559
10/3/03,5678
9/26/03,5734
9/19/03,5739
9/12/03,5703
9/5/03,5727
8/29/03,5723
8/22/03,5736
8/15/03,5750
8/8/03,5747
8/1/03,5738
7/25/03,5699
7/18/03,5777
7/11/03,5770
7/4/03,5815
6/27/03,5867
6/20/03,5900
6/13/03,5860
6/6/03,5803
5/30/03,5837
5/23/03,5813
5/16/03,5807
5/9/03,5855
5/2/03,5829
4/25/03,5766
4/18/03,5772
4/11/03,5801
4/4/03,5866
3/28/03,5906
3/21/03,5906
3/14/03,5886
3/7/03,5872
2/28/03,5901
2/21/03,5898
2/14/03,5906
2/7/03,5899
1/31/03,5764
1/24/03,5739
1/17/03,5702
1/10/03,5728
1/3/03,5752
12/27/02,5749
12/20/02,5758
12/13/02,5752
12/6/02,5763
11/29/02,5740
11/22/02,5754
11/15/02,5738
11/8/02,5349
11/1/02,5711
10/25/02,5714
10/18/02,5721
10/11/02,5490
10/4/02,4803
9/27/02,5190
9/20/02,5736
9/13/02,5716
9/6/02,5773
8/30/02,5883
8/23/02,5918
8/16/02,5907
8/9/02,5858
8/2/02,5604
7/26/02,5844
7/19/02,5839
7/12/02,5885
7/5/02,5898
6/28/02,5917
6/21/02,5939
6/14/02,5910
6/7/02,5897
5/31/02,5896
5/24/02,5890
5/17/02,5894
5/10/02,5889
5/3/02,5879
4/26/02,5865
4/19/02,5896
4/12/02,5922
4/5/02,5916
3/29/02,5956
3/22/02,5948
3/15/02,5975
3/8/02,5947
3/1/02,5966
2/22/02,5956
2/15/02,5927
2/8/02,5952
2/1/02,5916
1/25/02,5909
1/18/02,5911
1/11/02,5922
1/4/02,5922
12/28/01,5902
12/21/01,5911
12/14/01,5884
12/7/01,5856
11/30/01,5873
11/23/01,5882
11/16/01,5872
11/9/01,5863
11/2/01,5859
10/26/01,5879
10/19/01,5828
10/12/01,5515
10/5/01,5736
9/28/01,5735
9/21/01,5789
9/14/01,5814
9/7/01,5829
8/31/01,5751
8/24/01,5796
8/17/01,5785
8/10/01,5773
8/3/01,5745
7/27/01,5705
7/20/01,5731
7/13/01,5770
7/6/01,5756
6/29/01,5756
6/22/01,5740
6/15/01,5726
6/8/01,5746
6/1/01,5823
5/25/01,5819
5/18/01,5785
5/11/01,5780
5/4/01,5831
4/27/01,5884
4/20/01,5861
4/13/01,5855
4/6/01,5867
3/30/01,5883
3/23/01,5868
3/16/01,5883
3/9/01,5868
3/2/01,5876
2/23/01,5875
2/16/01,5857
2/9/01,5866
2/2/01,5929
1/26/01,5935
1/19/01,5912
1/12/01,5949
1/5/01,5944
12/29/00,5903
12/22/00,5875
12/15/00,5897
12/8/00,5903
12/1/00,5925
11/24/00,5883
11/17/00,5854
11/10/00,5889
11/3/00,5903
10/27/00,5894
10/20/00,5880
10/13/00,5864
10/6/00,5867
9/29/00,5862
9/22/00,5680
9/15/00,5803
9/8/00,5802
9/1/00,5783
8/25/00,5782
8/18/00,5773
8/11/00,5745
8/4/00,5778
7/28/00,5764
7/21/00,5769
7/14/00,5788
7/7/00,5766
6/30/00,5732
6/23/00,5726
6/16/00,5791
6/9/00,5804
6/2/00,5704
5/26/00,5784
5/19/00,5793
5/12/00,5757
5/5/00,5798
4/28/00,5838
4/21/00,5836
4/14/00,5840
4/7/00,5820
3/31/00,5873
3/24/00,5863
3/17/00,5859
3/10/00,5857
3/3/00,5974
2/25/00,6007
2/18/00,5989
2/11/00,5994
2/4/00,6011
1/28/00,5988
1/21/00,6013
1/14/00,6019
1/7/00,6000
12/31/99,6043
12/24/99,6058
12/17/99,6043
12/10/99,6057
12/3/99,6087
11/26/99,6006
11/19/99,6059
11/12/99,6128
11/5/99,6134
10/29/99,6111
10/22/99,6101
10/15/99,6090
10/8/99,6082
10/1/99,6032
9/24/99,5973
9/17/99,5692
9/10/99,5917
9/3/99,6014
8/27/99,5994
8/20/99,5970
8/13/99,5950
8/6/99,5925
7/30/99,5898
7/23/99,5927
7/16/99,5952
7/9/99,5808
7/2/99,5662
6/25/99,5884
6/18/99,5926
6/11/99,5868
6/4/99,5864
5/28/99,5845
5/21/99,5857
5/14/99,5804
5/7/99,5835
4/30/99,5877
4/23/99,5707
4/16/99,5849
4/9/99,5740
4/2/99,5879
3/26/99,5864
3/19/99,5894
3/12/99,5895
3/5/99,5920
2/26/99,5911
2/19/99,5899
2/12/99,6052
2/5/99,6369
1/29/99,6363
1/22/99,6352
1/15/99,6373
1/8/99,6393
1/1/99,6342
12/25/98,6437
12/18/98,6449
12/11/98,6390
12/4/98,6390
11/27/98,6401
11/20/98,6399
11/13/98,6401
11/6/98,6398
10/30/98,6417
10/23/98,6442
10/16/98,6418
10/9/98,6368
10/2/98,5950
9/25/98,6396
9/18/98,6411
9/11/98,6366
9/4/98,6349
8/28/98,6346
8/21/98,6315
8/14/98,6319
8/7/98,6336
7/31/98,6340
7/24/98,6354
7/17/98,6351
7/10/98,6354
7/3/98,6311
6/26/98,6269
6/19/98,6383
6/12/98,6372
6/5/98,6333
5/29/98,6346
5/22/98,6368
5/15/98,6378
5/8/98,6422
5/1/98,6422
4/24/98,6397
4/17/98,6417
4/10/98,6407
4/3/98,6443
3/27/98,6405
3/20/98,6336
3/13/98,6420
3/6/98,6440
2/27/98,6368
2/20/98,6415
2/13/98,6424
2/6/98,6412
1/30/98,6377
1/23/98,6359
1/16/98,6376
1/9/98,6430
1/2/98,6459
12/26/97,6462
12/19/97,6463
12/12/97,6440
12/5/97,6448
11/28/97,6416
11/21/97,6390
11/14/97,6385
11/7/97,6418
10/31/97,6400
10/24/97,6407
10/17/97,6408
10/10/97,6371
10/3/97,6375
9/26/97,6396
9/19/97,6366
9/12/97,6393
9/5/97,6362
8/29/97,6400
8/22/97,6387
8/15/97,6221
8/8/97,6127
8/1/97,6360
7/25/97,6337
7/18/97,6352
7/11/97,6351
7/4/97,6338
6/27/97,6357
6/20/97,6334
6/13/97,6415
6/6/97,6435
5/30/97,6439
5/23/97,6423
5/16/97,6426
5/9/97,6430
5/2/97,6409
4/25/97,6465
4/18/97,6412
4/11/97,6433
4/4/97,6493
3/28/97,6409
3/21/97,6391
3/14/97,6449
3/7/97,6440
2/28/97,6501
2/21/97,6496
2/14/97,6502
2/7/97,6483
1/31/97,6505
1/24/97,6513
1/17/97,6476
1/10/97,6499
1/3/97,6454
12/27/96,6506
12/20/96,6523
12/13/96,6518
12/6/96,6534
11/29/96,6538
11/22/96,6512
11/15/96,6531
11/8/96,6541
11/1/96,6513
10/25/96,6514
10/18/96,6523
10/11/96,6485
10/4/96,6485
9/27/96,6520
9/20/96,6467
9/13/96,6498
9/6/96,6497
8/30/96,6526
8/23/96,6481
8/16/96,6445
8/9/96,6286
8/2/96,6297
7/26/96,6394
7/19/96,6345
7/12/96,6499
7/5/96,6499
6/28/96,6489
6/21/96,6452
6/14/96,6515
6/7/96,6421
5/31/96,6392
5/24/96,6412
5/17/96,6363
5/10/96,6065
5/3/96,6454
4/26/96,6173
4/19/96,6425
4/12/96,6390
4/5/96,6441
3/29/96,6440
3/22/96,6473
3/15/96,6490
3/8/96,6461
3/1/96,6496
2/23/96,6501
2/16/96,6511
2/9/96,6505
2/2/96,6413
1/26/96,6405
1/19/96,6516
1/12/96,6498
1/5/96,6464
12/29/95,6474
12/22/95,6467
12/15/95,6411
12/8/95,6428
12/1/95,6450
11/24/95,6484
11/17/95,6493
11/10/95,6516
11/3/95,6539
10/27/95,6512
10/20/95,6497
10/13/95,6404
10/6/95,6215
9/29/95,6450
9/22/95,6414
9/15/95,6248
9/8/95,6491
9/1/95,6507
8/25/95,6483
8/18/95,6475
8/11/95,6476
8/4/95,6444
7/28/95,6484
7/21/95,6417
7/14/95,6448
7/7/95,6518
6/30/95,6545
6/23/95,6529
6/16/95,6560
6/9/95,6593
6/2/95,6592
5/26/95,6626
5/19/95,6598
5/12/95,6610
5/5/95,6604
4/28/95,6539
4/21/95,6603
4/14/95,6597
4/7/95,6554
3/31/95,6380
3/24/95,6474
3/17/95,6632
3/10/95,6598
3/3/95,6660
2/24/95,6546
2/17/95,6613
2/10/95,6595
2/3/95,6662
1/27/95,6526
1/20/95,6571
1/13/95,6672
1/6/95,6651
12/30/94,6675
12/23/94,6703
12/16/94,6655
12/9/94,6670
12/2/94,6472
11/25/94,6626
11/18/94,6668
11/11/94,6616
11/4/94,6620
10/28/94,6633
10/21/94,6703
10/14/94,6703
10/7/94,6692
9/30/94,6640
9/23/94,6595
9/16/94,6526
9/9/94,6545
9/2/94,6552
8/26/94,6583
8/19/94,6540
8/12/94,6521
8/5/94,6582
7/29/94,6566
7/22/94,6522
7/15/94,6618
7/8/94,6591
7/1/94,6604
6/24/94,6656
6/17/94,6648
6/10/94,6530
6/3/94,6695
5/27/94,6629
5/20/94,6732
5/13/94,6657
5/6/94,6706
4/29/94,6748
4/22/94,6292
4/15/94,6711
4/8/94,6641
4/1/94,6683
3/25/94,6599
3/18/94,6728
3/11/94,6704
3/4/94,6763
2/25/94,6792
2/18/94,6546
2/11/94,6802
2/4/94,6836
1/28/94,6886
1/21/94,6845
1/14/94,6880
1/7/94,6875
12/31/93,6857
12/24/93,6854
12/17/93,6897
12/10/93,6923
12/3/93,6943
11/26/93,6878
11/19/93,6847
11/12/93,6882
11/5/93,6872
10/29/93,6868
10/22/93,6837
10/15/93,6772
10/8/93,6654
10/1/93,6684
9/24/93,6650
9/17/93,6706
9/10/93,6665
9/3/93,6734
8/27/93,6790
8/20/93,6774
8/13/93,6761
8/6/93,6753
7/30/93,6730
7/23/93,6540
7/16/93,6643
7/9/93,6772
7/2/93,6742
6/25/93,6749
6/18/93,6766
6/11/93,6817
6/4/93,6789
5/28/93,6842
5/21/93,6818
5/14/93,6846
5/7/93,6902
4/30/93,6913
4/23/93,6912
4/16/93,6896
4/9/93,6883
4/2/93,6971
3/26/93,6964
3/19/93,6979
3/12/93,6981
3/5/93,7018
2/26/93,6981
2/19/93,6960
2/12/93,7033
2/5/93,7031
1/29/93,7035
1/22/93,7043
1/15/93,6994
1/8/93,7015
1/1/93,6995
12/25/92,7053
12/18/92,7098
12/11/92,7087
12/4/92,7074
11/27/92,7064
11/20/92,6987
11/13/92,6954
11/6/92,7011
10/30/92,7041
10/23/92,7036
10/16/92,7032
10/9/92,7011
10/2/92,7046
9/25/92,7049
9/18/92,7012
9/11/92,6955
9/4/92,6847
8/28/92,6678
8/21/92,7120
8/14/92,6990
8/7/92,7124
7/31/92,7059
7/24/92,7095
7/17/92,7144
7/10/92,7125
7/3/92,7221
6/26/92,7194
6/19/92,7218
6/12/92,7228
6/5/92,7240
5/29/92,7219
5/22/92,7205
5/15/92,7160
5/8/92,7248
5/1/92,7235
4/24/92,7238
4/17/92,7353
4/10/92,7277
4/3/92,7327
3/27/92,7283
3/20/92,7324
3/13/92,7345
3/6/92,7357
2/28/92,7365
2/21/92,7329
2/14/92,7364
2/7/92,7382
1/31/92,7357
1/24/92,7343
1/17/92,7235
1/10/92,7410
1/3/92,7422
12/27/91,7449
12/20/91,7451
12/13/91,6731
12/6/91,7376
11/29/91,7226
11/22/91,7388
11/15/91,7426
11/8/91,7140
11/1/91,7359
10/25/91,7384
10/18/91,7381
10/11/91,7387
10/4/91,7381
9/27/91,7365
9/20/91,7327
9/13/91,7267
9/6/91,7150
8/30/91,7274
8/23/91,7215
8/16/91,7302
8/9/91,7228
8/2/91,7342
7/26/91,7355
7/19/91,7348
7/12/91,7365
7/5/91,7383
6/28/91,7377
6/21/91,7338
6/14/91,7359
6/7/91,7301
5/31/91,7323
5/24/91,7336
5/17/91,7280
5/10/91,7303
5/3/91,7295
4/26/91,7346
4/19/91,7370
4/12/91,7334
4/5/91,7356
3/29/91,7383
3/22/91,7385
3/15/91,7412
3/8/91,7394
3/1/91,7404
2/22/91,7415
2/15/91,7427
2/8/91,7463
2/1/91,7477
1/25/91,7219
1/18/91,7461
1/11/91,7475
1/4/91,7481
12/28/90,7559
12/21/90,7245
12/14/90,7474
12/7/90,6996
11/30/90,7235
11/23/90,7440
11/16/90,6910
11/9/90,7284
11/2/90,7342
10/26/90,7329
10/19/90,7261
10/12/90,7261
10/5/90,7261
9/28/90,7041
9/21/90,7041
9/14/90,6991
9/7/90,6991
8/31/90,6971
8/24/90,6971
8/17/90,6971
8/10/90,6971
8/3/90,6971
7/27/90,7130
7/20/90,7130
7/13/90,7130
7/6/90,7130
6/29/90,6981
6/22/90,6981
6/15/90,6981
6/8/90,6981
6/1/90,7241
5/25/90,7241
5/18/90,7241
5/11/90,7241
5/4/90,7241
4/27/90,7310
4/20/90,7310
4/13/90,7310
4/6/90,7310
3/30/90,7411
3/23/90,7411
3/16/90,7411
3/9/90,7411
3/2/90,7411
2/23/90,7399
2/16/90,7399
2/9/90,7399
2/2/90,7399
1/26/90,7512
1/19/90,7512
1/12/90,7512
1/5/90,7512
12/29/89,7565
12/22/89,7565
12/15/89,7565
12/8/89,7565
12/1/89,7601
11/24/89,7601
11/17/89,7601
11/10/89,7601
11/3/89,7601
10/27/89,7644
10/20/89,7644
10/13/89,7644
10/6/89,7644
9/29/89,7641
9/22/89,7641
9/15/89,7641
9/8/89,7641
9/1/89,7662
8/25/89,7662
8/18/89,7662
8/11/89,7662
8/4/89,7662
7/28/89,7622
7/21/89,7622
7/14/89,7622
7/7/89,7622
6/30/89,7726
6/23/89,7726
6/16/89,7726
6/9/89,7726
6/2/89,7726
5/26/89,7843
5/19/89,7843
5/12/89,7843
5/5/89,7843
4/28/89,7880
4/21/89,7880
4/14/89,7880
4/7/89,7880
3/31/89,7921
3/24/89,7921
3/17/89,7921
3/10/89,7921
3/3/89,7921
2/24/89,7965
2/17/89,7965
2/10/89,7965
2/3/89,7965
1/27/89,8021
1/20/89,8021
1/13/89,8021
1/6/89,8021
12/30/88,8035
12/23/88,8035
12/16/88,8035
12/9/88,8035
12/2/88,8035
11/25/88,8026
11/18/88,8026
11/11/88,8026
11/4/88,8026
10/28/88,8085
10/21/88,8085
10/14/88,8085
10/7/88,8085
9/30/88,8147
9/23/88,8147
9/16/88,8147
9/9/88,8147
9/2/88,8147
8/26/88,8128
8/19/88,8128
8/12/88,8128
8/5/88,8128
7/29/88,8189
7/22/88,8189
7/15/88,8189
7/8/88,8189
7/1/88,8210
6/24/88,8210
6/17/88,8210
6/10/88,8210
6/3/88,8210
5/27/88,8240
5/20/88,8240
5/13/88,8240
5/6/88,8240
4/29/88,8269
4/22/88,8269
4/15/88,8269
4/8/88,8269
4/1/88,8306
3/25/88,8306
3/18/88,8306
3/11/88,8306
3/4/88,8306
2/26/88,8353
2/19/88,8353
2/12/88,8353
2/5/88,8353
1/29/88,8395
1/22/88,8395
1/15/88,8395
1/8/88,8395
1/1/88,8348
12/25/87,8348
12/18/87,8348
12/11/87,8348
12/4/87,8348
11/27/87,8283
11/20/87,8283
11/13/87,8283
11/6/87,8283
10/30/87,8281
10/23/87,8281
10/16/87,8281
10/9/87,8281
10/2/87,8281
9/25/87,8162
9/18/87,8162
9/11/87,8162
9/4/87,8162
8/28/87,8204
8/21/87,8204
8/14/87,8204
8/7/87,8204
7/31/87,8287
7/24/87,8287
7/17/87,8287
7/10/87,8287
7/3/87,8287
6/26/87,8303
6/19/87,8303
6/12/87,8303
6/5/87,8303
5/29/87,8296
5/22/87,8296
5/15/87,8296
5/8/87,8296
5/1/87,8361
4/24/87,8361
4/17/87,8361
4/10/87,8361
4/3/87,8361
3/27/87,8336
3/20/87,8336
3/13/87,8336
3/6/87,8336
2/27/87,8383
2/20/87,8383
2/13/87,8383
2/6/87,8383
1/30/87,8354
1/23/87,8354
1/16/87,8354
1/9/87,8354
1/2/87,8353
12/26/86,8348
12/19/86,8348
12/12/86,8348
12/5/86,8348
11/28/86,8321
11/21/86,8321
11/14/86,8321
11/7/86,8321
10/31/86,8773
10/24/86,8773
10/17/86,8773
10/10/86,8773
10/3/86,8773
9/26/86,8671
9/19/86,8671
9/12/86,8671
9/5/86,8671
8/29/86,8708
8/22/86,8708
8/15/86,8708
8/8/86,8708
8/1/86,8737
7/25/86,8737
7/18/86,8737
7/11/86,8737
7/4/86,8737
6/27/86,8792
6/20/86,8792
6/13/86,8792
6/6/86,8792
5/30/86,8805
5/23/86,8805
5/16/86,8805
5/9/86,8805
5/2/86,8805
4/25/86,8815
4/18/86,8815
4/11/86,8815
4/4/86,8815
3/28/86,8939
3/21/86,8939
3/14/86,8939
3/7/86,8939
2/28/86,8939
2/21/86,8940
2/14/86,8940
2/7/86,8940
1/31/86,8942
1/24/86,8942
1/17/86,8942
1/10/86,8942
1/3/86,8942
12/27/85,8930
12/20/85,8930
12/13/85,8930
12/6/85,8930
11/29/85,8932
11/22/85,8932
11/15/85,8932
11/8/85,8932
11/1/85,8932
10/25/85,8943
10/18/85,8943
10/11/85,8943
10/4/85,8943
9/27/85,8874
9/20/85,8874
9/13/85,8874
9/6/85,8874
8/30/85,8895
8/23/85,8895
8/16/85,8895
8/9/85,8895
8/2/85,8895
7/26/85,8904
7/19/85,8904
7/12/85,8904
7/5/85,8904
6/28/85,8965
6/21/85,8965
6/14/85,8965
6/7/85,8965
5/31/85,8969
5/24/85,8969
5/17/85,8969
5/10/85,8969
5/3/85,8969
4/26/85,8842
4/19/85,8842
4/12/85,8842
4/5/85,8842
3/29/85,8927
3/22/85,8927
3/15/85,8927
3/8/85,8927
3/1/85,8927
2/22/85,8928
2/15/85,8928
2/8/85,8928
2/1/85,8928
1/25/85,8929
1/18/85,8929
1/11/85,8929
1/4/85,8929
12/28/84,8797
12/21/84,8797
12/14/84,8797
12/7/84,8797
11/30/84,8846
11/23/84,8846
11/16/84,8846
11/9/84,8846
11/2/84,8846
10/26/84,8847
10/19/84,8847
10/12/84,8847
10/5/84,8847
9/28/84,8759
9/21/84,8759
9/14/84,8759
9/7/84,8759
8/31/84,8781
8/24/84,8781
8/17/84,8781
8/10/84,8781
8/3/84,8781
7/27/84,8769
7/20/84,8769
7/13/84,8769
7/6/84,8769
6/29/84,8743
6/22/84,8743
6/15/84,8743
6/8/84,8743
6/1/84,8743
5/25/84,8753
5/18/84,8753
5/11/84,8753
5/4/84,8753
4/27/84,8688
4/20/84,8688
4/13/84,8688
4/6/84,8688
3/30/84,8718
3/23/84,8718
3/16/84,8718
3/9/84,8718
3/2/84,8718
2/24/84,8726
2/17/84,8726
2/10/84,8726
2/3/84,8726
1/27/84,8659
1/20/84,8659
1/13/84,8659
1/6/84,8659
12/30/83,8612
12/23/83,8612
12/16/83,8612
12/9/83,8612
12/2/83,8612
11/25/83,8624
11/18/83,8624
11/11/83,8624
11/4/83,8624
10/28/83,8654
10/21/83,8654
10/14/83,8654
10/7/83,8654
9/30/83,8666
9/23/83,8666
9/16/83,8666
9/9/83,8666
9/2/83,8666
8/26/83,8653
8/19/83,8653
8/12/83,8653
8/5/83,8653
7/29/83,8647
7/22/83,8647
7/15/83,8647
7/8/83,8647
7/1/83,8676
6/24/83,8676
6/17/83,8676
6/10/83,8676
6/3/83,8676
5/20/83,8682
5/13/83,8682
4/29/83,8686
4/15/83,8686
4/8/83,8686
4/1/83,8677
3/25/83,8677
3/18/83,8677
3/11/83,8677
3/4/83,8677
2/25/83,8660
2/18/83,8660
2/11/83,8660
2/4/83,8660
1/28/83,8634
1/21/83,8634
1/14/83,8634
1/7/83,8634