,Date,co2,NG_F,coal-f,NG_S,crude,co2_diff,crude_diff,crude_diff_3,NG_F_5
0,2000/8/28,367.7,4.835,,4.63,32.869999,-0.38,,,
1,2000/9/4,367.32,4.88,,4.66,32.869999,-0.38,0,,
2,2000/9/11,367.33,5.205,,4.82,35.099998,0.01,2.229999,,
3,2000/9/18,366.86,5.131,,5.05,36.880001,-0.47,1.780003,,
4,2000/9/25,366.86,5.2,,5.17,31.57,0,-5.310001,0,
5,2000/10/2,366.78,5,,5.21,32.150002,-0.08,0.580002,2.229999,4.835
6,2000/10/9,366.88,5.535,,5.2,31.879999,0.1,-0.270003,1.780003,4.88
7,2000/10/16,367.14,4.937,,5.26,33.099998,0.26,1.219999,-5.310001,5.205
8,2000/10/23,367.62,4.53,,5.17,33.73,0.48,0.630002,0.580002,5.131
9,2000/10/30,368,4.91,,4.68,32.810001,0.38,-0.919999,-0.270003,5.2
10,2000/11/6,368.2,5.46,,4.49,32.860001,0.2,0.05,1.219999,5
11,2000/11/13,368.75,6.12,,4.96,34.43,0.55,1.569999,0.630002,5.535
12,2000/11/20,368.64,6.577,,5.78,35.220001,-0.11,0.790001,-0.919999,4.937
13,2000/11/27,368.85,6.675,,6.29,35.380001,0.21,0.16,0.05,4.53
14,2000/12/4,369.84,8.585,,6.18,31.299999,0.99,-4.080002,1.569999,4.91
15,2000/12/11,369.83,8.4,,8.16,29.450001,-0.01,-1.849998,0.790001,5.46
16,2000/12/18,369.81,9.579,,8.37,29.65,-0.02,0.199999,0.16,6.12
17,2000/12/25,370.02,9.775,,9.86,29.65,0.21,0,-4.080002,6.577
18,2001/1/1,370.34,9.25,,9.88,29.65,0.32,0,-1.849998,6.675
19,2001/1/8,370.46,8.472,,9.79,27.35,0.12,-2.3,0.199999,8.585
20,2001/1/15,370.84,7.48,,9.57,27.35,0.38,0,0,8.4
21,2001/1/22,370.69,7.28,,7.68,32,-0.15,4.65,0,9.579
22,2001/1/29,371.53,6.743,,7.07,29.059999,0.84,-2.940001,-2.3,9.775
23,2001/2/5,371.76,6.21,,6.23,30.5,0.23,1.440001,0,9.25
24,2001/2/12,372.14,5.568,,5.98,30.549999,0.38,0.049999,4.65,8.472
25,2001/2/19,371.66,5.15,,5.63,30.549999,-0.48,0,-2.940001,7.48
26,2001/2/26,371.9,5.275,,5.13,28.440001,0.24,-2.109998,1.440001,7.28
27,2001/3/5,372.37,5.08,,5.14,28.6,0.47,0.159999,0.049999,6.743
28,2001/3/12,372.67,5.03,,5.24,28,0.3,-0.6,0,6.21
29,2001/3/19,372.72,5.27,,5.12,26.18,0.05,-1.82,-2.109998,5.568
30,2001/3/26,372.58,5.03,,5.2,27.459999,-0.14,1.279999,0.159999,5.15
31,2001/4/2,372.63,5.388,,5.39,25.59,0.05,-1.869999,-0.6,5.275
32,2001/4/9,373.79,5.381,,5.27,27.34,1.16,1.75,-1.82,5.08
33,2001/4/16,373.9,5.128,,5.44,28.790001,0.11,1.450001,1.279999,5.03
34,2001/4/23,373.79,4.867,,5.21,27.610001,-0.11,-1.18,-1.869999,5.27
35,2001/4/30,373.73,4.49,,4.99,28.459999,-0.06,0.849998,1.75,5.03
36,2001/5/7,374.12,4.278,,4.56,27.77,0.39,-0.689999,1.450001,5.388
37,2001/5/14,373.88,4.291,,4.22,28.709999,-0.24,0.939999,-1.18,5.381
38,2001/5/21,374.09,3.973,,4.31,29.98,0.21,1.270001,0.849998,5.128
39,2001/5/28,374.07,3.93,,4.05,29.98,-0.02,0,-0.689999,4.867
40,2001/6/4,373.65,3.922,,3.74,28.129999,-0.42,-1.850001,0.939999,4.49
41,2001/6/11,373.23,3.979,,3.79,29.040001,-0.42,0.910002,1.270001,4.278
42,2001/6/18,373.3,3.742,,3.97,27.549999,0.07,-1.490002,0,4.291
43,2001/6/25,373.2,3.096,,3.81,27.25,-0.1,-0.299999,-1.850001,3.973
44,2001/7/2,372.66,3.235,,3.3,25.950001,-0.54,-1.299999,0.910002,3.93
45,2001/7/9,371.52,3.25,,3,27.59,-1.14,1.639999,-1.490002,3.922
46,2001/7/16,371.48,2.955,,3.19,26.059999,-0.04,-1.530001,-0.299999,3.979
47,2001/7/23,371.04,3.167,,3.07,26.120001,-0.44,0.060002,-1.299999,3.742
48,2001/7/30,371.06,2.971,,3.08,26.629999,0.02,0.509998,1.639999,3.096
49,2001/8/6,370.09,3.04,,3.21,27.74,-0.97,1.110001,-1.530001,3.235
50,2001/8/13,369.36,3.303,,3.09,27.82,-0.73,0.08,0.060002,3.25
51,2001/8/20,369.48,2.706,,3.18,27.18,0.12,-0.64,0.509998,2.955
52,2001/8/27,369.45,2.38,,3.04,26.67,-0.03,-0.51,1.110001,3.167
53,2001/9/3,368.5,2.5,,2.45,26.67,-0.95,0,0.08,2.971
54,2001/9/10,368.72,2.552,,2.34,27.629999,0.22,0.959999,-0.64,3.04
55,2001/9/17,368.21,2.103,,2.4,28.809999,-0.51,1.18,-0.51,3.303
56,2001/9/24,367.97,2.244,,2.15,22.01,-0.24,-6.799999,0,2.706
57,2001/10/1,368.21,2.227,,1.9,23.280001,0.24,1.270001,0.959999,2.38
58,2001/10/8,368.46,2.43,,1.96,22.450001,0.25,-0.83,1.18,2.5
59,2001/10/15,368.33,2.681,,2.21,22.290001,-0.13,-0.16,-6.799999,2.552
60,2001/10/22,368.87,3.041,,2.42,21.76,0.54,-0.530001,1.270001,2.103
61,2001/10/29,369.29,3.248,,2.86,22.15,0.42,0.39,-0.83,2.244
62,2001/11/5,369.29,2.925,,3.06,20.02,0,-2.13,-0.16,2.227
63,2001/11/12,370.01,2.637,,2.72,21.23,0.72,1.21,-0.530001,2.43
64,2001/11/19,370.4,2.813,,2.16,17.719999,0.39,-3.510001,0.39,2.681
65,2001/11/26,370.61,2.701,,2.18,18.690001,0.21,0.970002,-2.13,3.041
66,2001/12/3,370.96,2.568,,2,20.09,0.35,1.399999,1.21,3.248
67,2001/12/10,371.4,2.846,,1.98,18.370001,0.44,-1.719999,-3.510001,2.925
68,2001/12/17,371.44,2.895,,2.45,19.219999,0.04,0.849998,0.970002,2.637
69,2001/12/24,371.87,2.774,,2.4,19.219999,0.43,0,1.399999,2.813
70,2001/12/31,372.38,2.275,,2.4,19.84,0.51,0.620001,-1.719999,2.701
71,2002/1/7,372.38,2.204,,2.53,21.48,0,1.64,0.849998,2.568
72,2002/1/14,372.91,2.236,,2.38,18.889999,0.53,-2.590001,0,2.846
73,2002/1/21,372.75,2.105,,2.34,18.889999,-0.16,0,0.620001,2.895
74,2002/1/28,372.99,2.14,,2.18,20.049999,0.24,1.16,1.64,2.774
75,2002/2/4,373.13,2.18,,2.18,20.059999,0.14,0.01,-2.590001,2.275
76,2002/2/11,373.18,2.206,,2.22,21.32,0.05,1.260001,0,2.204
77,2002/2/18,373.26,2.435,,2.28,21.32,0.08,0,1.16,2.236
78,2002/2/25,373.91,2.38,,2.38,20.42,0.65,-0.9,0.01,2.105
79,2002/3/4,374.06,2.81,,2.47,22.5,0.15,2.08,1.260001,2.14
80,2002/3/11,374.31,3.06,,2.67,24.299999,0.25,1.799999,0,2.18
81,2002/3/18,374.81,3.32,,2.92,25.049999,0.5,0.75,-0.9,2.206
82,2002/3/25,374.45,3.245,,3.31,25.02,-0.36,-0.029999,2.08,2.435
83,2002/4/1,374.43,3.27,,3.4,26.860001,-0.02,1.840001,1.799999,2.38
84,2002/4/8,374.7,3.13,,3.54,26.549999,0.27,-0.310002,0.75,2.81
85,2002/4/15,375.4,3.53,,3.21,24.549999,0.7,-2,-0.029999,3.06
86,2002/4/22,375.59,3.34,,3.4,26.299999,0.19,1.75,1.840001,3.32
87,2002/4/29,376.23,3.735,,3.5,27.52,0.64,1.220001,-0.310002,3.245
88,2002/5/6,375.76,3.749,,3.65,26.08,-0.47,-1.44,-2,3.27
89,2002/5/13,375.24,3.565,,3.65,28.450001,-0.52,2.370001,1.75,3.13
90,2002/5/20,376.1,3.347,,3.57,28.200001,0.86,-0.25,1.220001,3.53
91,2002/5/27,376.41,3.217,,3.35,28.200001,0.31,0,-1.44,3.34
92,2002/6/3,376.07,3.204,,3.24,25.110001,-0.34,-3.09,2.370001,3.735
93,2002/6/10,375.62,3.345,,3.24,24.32,-0.45,-0.790001,-0.25,3.749
94,2002/6/17,375.4,3.237,,3.11,26.09,-0.22,1.77,0,3.565
95,2002/6/24,375.66,3.245,,3.26,26.469999,0.26,0.379999,-3.09,3.347
96,2002/7/1,374.99,3.11,,3.43,26.809999,-0.67,0.34,-0.790001,3.217
97,2002/7/8,374.63,2.787,,3.18,26.07,-0.36,-0.739999,1.77,3.204
98,2002/7/15,374.09,2.933,,2.96,27.07,-0.54,1,0.379999,3.345
99,2002/7/22,373.51,2.936,,2.9,26.6,-0.58,-0.47,0.34,3.237
100,2002/7/29,373.49,2.858,,2.97,26.549999,-0.02,-0.050001,-0.739999,3.245
101,2002/8/5,372.75,2.761,,3.01,26.58,-0.74,0.030001,1,3.11
102,2002/8/12,371.99,3.149,,2.78,27.860001,-0.76,1.280001,-0.47,2.787
103,2002/8/19,371.5,3.487,,2.99,29.84,-0.49,1.979999,-0.050001,2.933
104,2002/8/26,371.11,3.296,,3.28,29.280001,-0.39,-0.559999,0.030001,2.936
105,2002/9/2,370.43,3.265,,3.33,29.280001,-0.68,0,1.280001,2.858
106,2002/9/9,371.81,3.467,,3.21,29.73,1.38,0.449999,1.979999,2.761
107,2002/9/16,371.01,3.758,,3.3,29.67,-0.8,-0.06,-0.559999,3.149
108,2002/9/23,370.67,4.041,,3.71,30.709999,-0.34,1.039999,0,3.487
109,2002/9/30,370.05,3.739,,3.8,30.469999,-0.62,-0.24,0.449999,3.296
110,2002/10/7,370.08,4.146,,4.17,29.639999,0.03,-0.83,-0.06,3.265
111,2002/10/14,371.41,4.239,,3.85,30.030001,1.33,0.390002,1.039999,3.467
112,2002/10/21,370.87,4.028,,4.14,28.379999,-0.54,-1.650002,-0.24,3.758
113,2002/10/28,371.24,4.06,,4.22,27.290001,0.37,-1.089998,-0.83,4.041
114,2002/11/4,372.14,3.903,,4.23,26.950001,0.9,-0.34,0.390002,3.739
115,2002/11/11,372.04,3.981,,3.88,25.940001,-0.1,-1.01,-1.650002,4.146
116,2002/11/18,372.91,4.26,,3.86,26.709999,0.87,0.769998,-1.089998,4.239
117,2002/11/25,372.94,4.2,,4.25,26.110001,0.03,-0.599998,-0.34,4.028
118,2002/12/2,373.23,4.383,,4.25,27.24,0.29,1.129999,-1.01,4.06
119,2002/12/9,373.77,5.284,,4.31,27.26,0.54,0.02,0.769998,3.903
120,2002/12/16,373.76,5.195,,4.64,30.1,-0.01,2.84,-0.599998,3.981
121,2002/12/23,374.66,4.97,,5.12,31.75,0.9,1.65,1.129999,4.26
122,2002/12/30,374.88,5.344,,4.96,31.370001,0.22,-0.379999,0.02,4.2
123,2003/1/6,374.73,5.143,,4.85,32.099998,-0.15,0.729997,2.84,4.383
124,2003/1/13,375.21,5.536,,5.03,32.259998,0.48,0.16,1.65,5.284
125,2003/1/20,375.1,5.524,,5.37,32.259998,-0.11,0,-0.379999,5.195
126,2003/1/27,375.48,5.605,,5.91,32.290001,0.38,0.030003,0.729997,4.97
127,2003/2/3,375.35,6.043,,5.68,32.759998,-0.13,0.469997,0.16,5.344
128,2003/2/10,375.3,5.851,,6.11,34.48,-0.05,1.720002,0,5.143
129,2003/2/17,376.57,6.61,,6.08,34.48,1.27,0,0.030003,5.536
130,2003/2/24,376.2,8.101,,6.33,36.48,-0.37,2,0.469997,5.524
131,2003/3/3,376.49,6.975,,12.03,35.880001,0.29,-0.599999,1.720002,5.605
132,2003/3/10,376.55,5.429,,7.8,37.27,0.06,1.389999,0,6.043
133,2003/3/17,376.15,5.12,,5.94,34.93,-0.4,-2.34,2,5.851
134,2003/3/24,377.18,5.146,,5.18,28.66,1.03,-6.27,-0.599999,6.61
135,2003/3/31,377.03,4.943,,4.99,31.040001,-0.15,2.380001,1.389999,8.101
136,2003/4/7,377.32,5.411,,4.91,27.959999,0.29,-3.080002,-2.34,6.975
137,2003/4/14,377.98,5.709,,5.15,28.629999,0.66,0.67,-6.27,5.429
138,2003/4/21,378.54,5.477,,5.5,30.870001,0.56,2.240002,2.380001,5.12
139,2003/4/28,378.81,5.255,,5.51,25.49,0.27,-5.380001,-3.080002,5.146
140,2003/5/5,378.25,5.806,,5.25,26.49,-0.56,1,0.67,4.943
141,2003/5/12,378.25,6.122,,5.57,27.35,0,0.86,2.240002,5.411
142,2003/5/19,379.62,6.119,,6.05,28.83,1.37,1.48,-5.380001,5.709
143,2003/5/26,378.91,6.25,,6.02,28.83,-0.71,0,1,5.477
144,2003/6/2,378.59,6.51,,5.83,30.709999,-0.32,1.879999,0.86,5.255
145,2003/6/9,378.68,5.675,,6.26,31.450001,0.09,0.740002,1.48,5.806
146,2003/6/16,378.3,5.805,,5.94,31.18,-0.38,-0.270001,0,6.122
147,2003/6/23,378.49,5.362,,5.57,29.17,0.19,-2.01,1.879999,6.119
148,2003/6/30,377.76,5.226,,5.61,30.190001,-0.73,1.020001,0.740002,6.25
149,2003/7/7,376.74,5.154,,5.14,30.129999,-1.02,-0.060002,-0.270001,6.51
150,2003/7/14,377.41,5,,5.36,31.27,0.67,1.140001,-2.01,5.675
151,2003/7/21,376.57,4.706,,5.06,31.780001,-0.84,0.510001,1.020001,5.805
152,2003/7/28,376.08,4.874,,4.91,30.110001,-0.49,-1.67,-0.060002,5.362
153,2003/8/4,375.12,5.037,,4.68,31.84,-0.96,1.729999,1.140001,5.226
154,2003/8/11,374.9,4.848,,4.83,32.009998,-0.22,0.169998,0.510001,5.154
155,2003/8/18,374.06,5.28,,5.05,30.889999,-0.84,-1.119999,-1.67,5
156,2003/8/25,373.61,4.731,,5.07,31.559999,-0.45,0.67,1.729999,4.706
157,2003/9/1,373.37,4.771,,5.05,31.559999,-0.24,0,0.169998,4.874
158,2003/9/8,373.3,4.766,,4.69,28.85,-0.07,-2.709999,-1.119999,5.037
159,2003/9/15,373.05,4.483,,4.76,28.139999,-0.25,-0.710001,0.67,4.848
160,2003/9/22,373.51,4.43,,4.56,26.959999,0.46,-1.18,0,5.28
161,2003/9/29,373.45,4.767,,4.49,28.4,-0.06,1.440001,-2.709999,4.731
162,2003/10/6,373.09,5.652,,4.49,30.469999,-0.36,2.069999,-0.710001,4.771
163,2003/10/13,372.95,5.036,,4.72,31.950001,-0.14,1.480002,-1.18,4.766
164,2003/10/20,373.6,4.786,,4.84,30.35,0.65,-1.600001,1.440001,4.483
165,2003/10/27,373.56,4.893,,4.7,29.92,-0.04,-0.43,2.069999,4.43
166,2003/11/3,374.14,4.706,,4.38,28.9,0.58,-1.02,1.480002,4.767
167,2003/11/10,374.7,5.112,,4.36,30.879999,0.56,1.979999,-1.600001,5.652
168,2003/11/17,375.06,4.634,,4.59,31.73,0.36,0.850001,-0.43,5.036
169,2003/11/24,375.45,4.925,,4.36,29.74,0.39,-1.99,-1.02,4.786
170,2003/12/1,375.49,6.135,,4.64,29.950001,0.04,0.210001,1.979999,4.893
171,2003/12/8,375.95,7.221,,5.58,32.099998,0.46,2.149997,0.850001,4.706
172,2003/12/15,376.51,6.982,,6.51,33.18,0.56,1.080002,-1.99,5.112
173,2003/12/22,376.31,6.379,,6.73,31.870001,-0.2,-1.309999,0.210001,4.634
174,2003/12/29,376.53,6.189,,5.8,32.400002,0.22,0.530001,2.149997,4.925
175,2004/1/5,376.51,7.287,,5.73,33.779999,-0.02,1.379997,1.080002,6.135
176,2004/1/12,377.13,5.94,,6.65,34.720001,0.62,0.940002,-1.309999,7.221
177,2004/1/19,377.28,6.059,,5.95,34.720001,0.15,0,0.530001,6.982
178,2004/1/26,378.13,5.397,,6.07,34.470001,0.85,-0.25,1.379997,6.379
179,2004/2/2,378.06,5.354,,5.88,34.98,-0.07,0.509999,0.940002,6.189
180,2004/2/9,378.61,5.536,,5.57,32.830002,0.55,-2.149998,0,7.287
181,2004/2/16,377.67,5.193,,5.45,32.830002,-0.94,0,-0.25,5.94
182,2004/2/23,377.79,5.416,,5.31,34.349998,0.12,1.519996,0.509999,6.059
183,2004/3/1,378.46,5.443,,5.14,36.860001,0.67,2.510003,-2.149998,5.397
184,2004/3/8,379.14,5.596,,5.27,36.57,0.68,-0.290001,0,5.354
185,2004/3/15,379.4,5.582,,5.39,37.439999,0.26,0.869999,1.519996,5.536
186,2004/3/22,378.67,5.395,,5.58,37.110001,-0.73,-0.329998,2.510003,5.193
187,2004/3/29,379.9,5.812,,5.31,35.450001,1.23,-1.66,-0.290001,5.416
188,2004/4/5,380.2,5.941,,5.56,34.380001,0.3,-1.07,0.869999,5.443
189,2004/4/12,380.92,5.61,,5.78,37.84,0.72,3.459999,-0.329998,5.596
190,2004/4/19,380.56,5.571,,5.76,37.419998,-0.36,-0.420002,-1.66,5.582
191,2004/4/26,380.82,5.862,,5.53,36.970001,0.26,-0.449997,-1.07,5.395
192,2004/5/3,380.9,6.294,,5.76,38.209999,0.08,1.239998,3.459999,5.812
193,2004/5/10,380.89,6.401,,6.1,38.93,-0.01,0.720001,-0.420002,5.941
194,2004/5/17,380.43,6.353,,6.33,41.549999,-0.46,2.619999,-0.449997,5.61
195,2004/5/24,381.25,6.442,,6.33,41.720001,0.82,0.170002,1.239998,5.571
196,2004/5/31,380.11,6.261,,6.57,41.720001,-1.14,0,0.720001,5.862
197,2004/6/7,380.27,6.176,,6.39,38.66,0.16,-3.060001,2.619999,6.294
198,2004/6/14,380.34,6.52,,6.08,37.59,0.07,-1.07,0.170002,6.401
199,2004/6/21,379.55,6.353,,6.39,37.630001,-0.79,0.040001,0,6.353
200,2004/6/28,379.32,6.148,,6.34,36.240002,-0.23,-1.389999,-3.060001,6.442
201,2004/7/5,378.51,6.141,,6,36.240002,-0.81,0,-1.07,6.261
202,2004/7/12,378.07,5.887,,6.13,39.5,-0.44,3.259998,0.040001,6.176
203,2004/7/19,376.92,6.134,,5.88,41.639999,-1.15,2.139999,-1.389999,6.52
204,2004/7/26,376.59,6.112,,5.86,41.439999,-0.33,-0.2,0,6.353
205,2004/8/2,376.91,5.588,,5.91,43.82,0.32,2.380001,3.259998,6.148
206,2004/8/9,376.41,5.533,,5.66,44.84,-0.5,1.02,2.139999,6.141
207,2004/8/16,375.95,5.552,,5.55,46.049999,-0.46,1.209999,-0.2,5.887
208,2004/8/23,376.27,5.082,,5.34,46.049999,0.32,0,2.380001,6.134
209,2004/8/30,374.17,4.675,,5.23,42.279999,-2.1,-3.77,1.02,6.112
210,2004/9/6,374.62,4.57,,4.84,42.279999,0.45,0,1.209999,5.588
211,2004/9/13,374.23,5.108,,4.56,43.869999,-0.39,1.59,0,5.533
212,2004/9/20,374.57,5.392,,5.04,46.349998,0.34,2.479999,-3.77,5.552
213,2004/9/27,374.48,6.772,,5.44,49.639999,-0.09,3.290001,0,5.082
214,2004/10/4,374.16,7.163,,5.73,49.91,-0.32,0.270001,1.59,4.675
215,2004/10/11,374.4,6.709,,5.92,53.639999,0.24,3.729999,2.479999,4.57
216,2004/10/18,374.74,8.105,,5.61,53.669998,0.34,0.029999,3.290001,5.108
217,2004/10/25,375.13,8.725,,6.7,54.540001,0.39,0.870003,0.270001,5.392
218,2004/11/1,375.48,7.954,,7.38,50.130001,0.35,-4.41,3.729999,6.772
219,2004/11/8,375.63,7.176,,6.92,49.09,0.15,-1.040001,0.029999,7.163
220,2004/11/15,376.98,7.115,,6.12,46.869999,1.35,-2.220001,0.870003,6.709
221,2004/11/22,376.9,7.976,,5.81,48.639999,-0.08,1.77,-4.41,8.105
222,2004/11/29,376.99,6.796,,5.16,49.759998,0.09,1.119999,-1.040001,8.725
223,2004/12/6,377.72,6.843,,6.61,42.98,0.73,-6.779998,-2.220001,7.954
224,2004/12/13,377.4,7.457,,6.08,41.009998,-0.32,-1.970002,1.77,7.176
225,2004/12/20,377.95,6.668,,7.03,45.639999,0.55,4.630001,1.119999,7.115
226,2004/12/27,377.99,6.149,,7,41.32,0.04,-4.319999,-6.779998,7.976
227,2005/1/3,378.36,6.001,,6.26,42.119999,0.37,0.799999,-1.970002,6.796
228,2005/1/10,378.61,6.395,,5.74,45.330002,0.25,3.210003,4.630001,6.843
229,2005/1/17,378.52,6.24,,6.11,45.330002,-0.09,0,-4.319999,7.457
230,2005/1/24,378.8,6.259,,6.4,48.810001,0.28,3.479999,0.799999,6.668
231,2005/1/31,379.59,6.096,,6.4,48.200001,0.79,-0.61,3.210003,6.149
232,2005/2/7,379.4,6.093,,6.25,45.279999,-0.19,-2.920002,0,6.001
233,2005/2/14,380.1,5.908,,6.08,47.439999,0.7,2.16,3.479999,6.395
234,2005/2/21,380.06,6.715,,6,47.439999,-0.04,0,-0.61,6.24
235,2005/2/28,381.54,6.744,,6.13,51.75,1.48,4.310001,-2.920002,6.259
236,2005/3/7,380.24,6.772,,6.62,53.889999,-1.3,2.139999,2.16,6.096
237,2005/3/14,381.46,7.273,,6.82,54.950001,1.22,1.060002,0,6.093
238,2005/3/21,380.4,7.062,,7.09,56.619999,-1.06,1.669998,4.310001,5.908
239,2005/3/28,381.95,7.749,,7.15,54.049999,1.55,-2.57,2.139999,6.715
240,2005/4/4,382.49,7.242,,7.22,57.009998,0.54,2.959999,1.060002,6.744
241,2005/4/11,382.28,6.997,,7.49,53.709999,-0.21,-3.299999,1.669998,6.772
242,2005/4/18,382.35,7.195,,7.11,50.369999,0.07,-3.34,-2.57,7.273
243,2005/4/25,382.76,6.585,,7,54.57,0.41,4.200001,2.959999,7.062
244,2005/5/2,382.13,6.621,,6.95,50.919998,-0.63,-3.650002,-3.299999,7.749
245,2005/5/9,382.15,6.536,,6.58,52.029999,0.02,1.110001,-3.34,7.242
246,2005/5/16,382.82,6.343,,6.59,48.610001,0.67,-3.419998,4.200001,6.997
247,2005/5/23,383.2,6.37,,6.42,49.16,0.38,0.549999,-3.650002,7.195
248,2005/5/30,382.98,6.88,,6.33,49.16,-0.22,0,1.110001,6.585
249,2005/6/6,382.82,6.932,,6.49,54.490002,-0.16,5.330002,-3.419998,6.621
250,2005/6/13,382.6,7.69,,7.11,55.619999,-0.22,1.129997,0.549999,6.536
251,2005/6/20,382.13,7.36,,7.36,59.369999,-0.47,3.75,0,6.343
252,2005/6/27,381.56,7.171,,7.52,60.540001,-0.57,1.170002,5.330002,6.37
253,2005/7/4,381.28,7.472,,7.09,60.540001,-0.28,0,1.129997,6.88
254,2005/7/11,381.05,7.849,,7.64,58.919998,-0.23,-1.620003,3.75,6.932
255,2005/7/18,380.95,7.384,,7.79,57.32,-0.1,-1.599998,1.170002,7.69
256,2005/7/25,380.34,7.885,,7.65,59,-0.61,1.68,0,7.36
257,2005/8/1,380.03,8.7,,7.56,61.57,-0.31,2.57,-1.620003,7.171
258,2005/8/8,379.1,9.588,,8.46,63.939999,-0.93,2.369999,-1.599998,7.472
259,2005/8/15,379.02,9.111,,9.07,66.269997,-0.08,2.329998,1.68,7.849
260,2005/8/22,378.18,9.792,,9.53,65.449997,-0.84,-0.82,2.57,7.384
261,2005/8/29,378.14,11.691,,9.81,67.199997,-0.04,1.75,2.369999,7.885
262,2005/9/5,377.55,11.263,,11.6,67.199997,-0.59,0,2.329998,8.7
263,2005/9/12,376.41,11.144,,11.14,63.330002,-1.14,-3.869995,-0.82,9.588
264,2005/9/19,376.53,12.324,,10.94,67.389999,0.12,4.059997,1.75,9.111
265,2005/9/26,376.64,13.921,,13.46,65.82,0.11,-1.569999,0,9.792
266,2005/10/3,376.83,13.226,,13.67,65.470001,0.19,-0.349999,-3.869995,11.691
267,2005/10/10,377.1,13.219,,13.4,61.799999,0.27,-3.670002,4.059997,11.263
268,2005/10/17,377.1,12.872,,13.36,64.360001,0,2.560002,-1.569999,11.144
269,2005/10/24,377.7,13.055,,13.71,60.32,0.6,-4.040001,-0.349999,12.324
270,2005/10/31,378,11.415,,10.86,59.759998,0.3,-0.560002,-3.670002,13.921
271,2005/11/7,378.14,11.712,,9.22,59.470001,0.14,-0.289997,2.560002,13.226
272,2005/11/14,379.05,11.414,,10.26,57.689999,0.91,-1.780002,-4.040001,13.219
273,2005/11/21,378.67,11.62,,10.88,57.700001,-0.38,0.010002,-0.560002,12.872
274,2005/11/28,379.22,13.931,,11.89,57.360001,0.55,-0.34,-0.289997,13.055
275,2005/12/5,380.12,14.312,,14.21,59.91,0.9,2.549999,-1.780002,11.415
276,2005/12/12,380.37,13.633,,14.49,61.299999,0.25,1.389999,0.010002,11.712
277,2005/12/19,380.44,12.283,,13.06,57.330002,0.07,-3.969997,-0.34,11.414
278,2005/12/26,380.69,11.225,,9.93,57.330002,0.25,0,2.549999,11.62
279,2006/1/2,381.46,9.632,,9.42,57.330002,0.77,0,1.389999,13.931
280,2006/1/9,381.4,8.791,,8.63,63.5,-0.06,6.169998,-3.969997,14.312
281,2006/1/16,381.75,9.28,,8.67,63.5,0.35,0,0,13.633
282,2006/1/23,381.82,8.4,,8.22,68.099998,0.07,4.599998,0,12.283
283,2006/1/30,381.82,8.613,,8.36,68.349998,0,0.25,6.169998,11.225
284,2006/2/6,382.49,7.316,,7.8,65.110001,0.67,-3.239997,0,9.632
285,2006/2/13,382.8,7.182,,7.25,61.240002,0.31,-3.869999,4.599998,8.791
286,2006/2/20,382.13,7.112,,7.39,61.240002,-0.67,0,0.25,9.28
287,2006/2/27,382.33,6.79,,6.71,61,0.2,-0.240002,-3.239997,8.4
288,2006/3/6,383.08,6.646,,6.44,62.41,0.75,1.41,-3.869999,8.613
289,2006/3/13,383.06,7.053,,7.06,61.77,-0.02,-0.64,0,7.316
290,2006/3/20,383.09,7.29,,7.1,60.419998,0.03,-1.350002,-0.240002,7.182
291,2006/3/27,382.62,7.21,,7.11,64.160004,-0.47,3.740006,1.41,7.112
292,2006/4/3,384.37,6.743,,6.98,66.739998,1.75,2.579994,-0.64,6.79
293,2006/4/10,384.96,7.14,,6.81,68.739998,0.59,2,-1.350002,6.646
294,2006/4/17,385.05,7.981,,7.63,70.400002,0.09,1.660004,3.740006,7.053
295,2006/4/24,384.94,6.555,,7.17,73.330002,-0.11,2.93,2.579994,7.29
296,2006/5/1,385.07,6.775,,6.61,73.699997,0.13,0.369995,2,7.21
297,2006/5/8,385.21,6.28,,6.55,69.769997,0.14,-3.93,1.660004,6.743
298,2006/5/15,385.51,5.962,,5.92,69.410004,0.3,-0.359993,2.93,7.14
299,2006/5/22,385.14,5.925,,5.96,69.230003,-0.37,-0.180001,0.369995,7.981
300,2006/5/29,384.85,6.623,,6.16,69.230003,-0.29,0,-3.93,6.555
301,2006/6/5,384.37,6.172,,6.06,72.599998,-0.48,3.369995,-0.359993,6.775
302,2006/6/12,384.46,7.185,,6.3,70.360001,0.09,-2.239997,-0.180001,6.28
303,2006/6/19,384.12,6.226,,6.5,68.980003,-0.34,-1.379998,0,5.962
304,2006/6/26,383.63,6.085,,5.97,71.800003,-0.49,2.82,3.369995,5.925
305,2006/7/3,383.3,5.523,,5.39,71.800003,-0.33,0,-2.239997,6.623
306,2006/7/10,383.01,6.347,,5.74,73.610001,-0.29,1.809998,-1.379998,6.172
307,2006/7/17,381.98,6.139,,6.04,75.300003,-1.03,1.690002,2.82,7.185
308,2006/7/24,382.3,7.184,,6.82,75.050003,0.32,-0.25,0,6.226
309,2006/7/31,381.7,7.246,,8.08,74.400002,-0.6,-0.650001,1.809998,6.085
310,2006/8/7,380.78,7.269,,7.43,76.980003,-0.92,2.580001,1.690002,5.523
311,2006/8/14,380.59,6.731,,6.84,73.529999,-0.19,-3.450004,-0.25,6.347
312,2006/8/21,379.98,7.157,,7.09,72.449997,-0.61,-1.080002,-0.650001,6.139
313,2006/8/28,379.74,5.877,,6.04,70.610001,-0.24,-1.839996,2.580001,7.184
314,2006/9/4,378.81,5.675,,5.53,68.019997,-0.93,-2.590004,-3.450004,7.246
315,2006/9/11,379.36,4.982,,5.15,65.610001,0.55,-2.409996,-1.080002,7.269
316,2006/9/18,378.86,4.627,,4.8,63.799999,-0.5,-1.810002,-1.839996,6.731
317,2006/9/25,379.06,5.62,,4.17,61.450001,0.2,-2.349998,-2.590004,7.157
318,2006/10/2,379.11,6.427,,4.32,61.029999,0.05,-0.420002,-2.409996,5.877
319,2006/10/9,379.09,5.659,,5.07,59.959999,-0.02,-1.07,-1.810002,5.675
320,2006/10/16,379.12,7.241,,6.22,59.939999,0.03,-0.02,-2.349998,4.982
321,2006/10/23,379.67,7.153,,7.39,58.810001,0.55,-1.129998,-0.420002,4.627
322,2006/10/30,379.84,7.884,,7.11,58.360001,0.17,-0.45,-1.07,5.62
323,2006/11/6,379.96,7.794,,7.04,60.02,0.12,1.659999,-0.02,6.427
324,2006/11/13,380.19,8.179,,7.39,58.580002,0.23,-1.439998,-1.129998,5.659
325,2006/11/20,380.57,7.718,,7.59,58.799999,0.38,0.219997,-0.45,7.241
326,2006/11/27,381.44,8.422,,7.93,60.32,0.87,1.520001,1.659999,7.153
327,2006/12/4,381.67,7.561,,7.51,62.439999,0.23,2.119999,-1.439998,7.884
328,2006/12/11,381.9,7.409,,7.01,61.220001,0.23,-1.219998,0.219997,7.794
329,2006/12/18,382.39,6.635,,6.26,62.209999,0.49,0.989998,1.520001,8.179
330,2006/12/25,382.18,6.299,,5.6,62.209999,-0.21,0,2.119999,7.718
331,2007/1/1,382.29,6.184,,5.5,62.209999,0.11,0,-1.219998,8.422
332,2007/1/8,383.14,6.601,,6.13,56.09,0.85,-6.119999,0.989998,7.561
333,2007/1/15,382.65,6.886,,6.52,56.09,-0.49,0,0,7.409
334,2007/1/22,383.77,7.175,,7.29,51.130001,1.12,-4.959999,0,6.635
335,2007/1/29,383.88,7.476,,7.71,54.009998,0.11,2.879997,-6.119999,6.299
336,2007/2/5,383.48,7.827,,8.31,58.740002,-0.4,4.730004,0,6.184
337,2007/2/12,385.03,7.503,,8.43,57.810001,1.55,-0.930001,-4.959999,6.601
338,2007/2/19,384.93,7.755,,7.46,61.389999,-0.1,3.579998,2.879997,6.886
339,2007/2/26,384.22,7.243,,7.34,60.07,-0.71,-1.319999,4.730004,7.175
340,2007/3/5,383.62,7.083,,7.32,58.91,-0.6,-1.16,-0.930001,7.476
341,2007/3/12,384.55,6.924,,6.86,56.59,0.93,-2.32,3.579998,7.827
342,2007/3/19,385.29,7.269,,6.91,62.91,0.74,6.32,-1.319999,7.503
343,2007/3/26,386.08,7.73,,7.32,65.940002,0.79,3.030002,-1.16,7.755
344,2007/4/2,386.07,7.607,,7.55,61.509998,-0.01,-4.430004,-2.32,7.243
345,2007/4/9,385.93,7.801,,7.83,63.610001,-0.14,2.100003,6.32,7.083
346,2007/4/16,387.51,7.381,,7.51,65.889999,1.58,2.279998,3.030002,6.924
347,2007/4/23,387.18,7.831,,7.48,65.709999,-0.33,-0.18,-4.430004,7.269
348,2007/4/30,386.82,7.938,,7.68,61.470001,-0.36,-4.239998,2.100003,7.73
349,2007/5/7,386.46,7.899,,7.56,62.459999,-0.36,0.989998,2.279998,7.607
350,2007/5/14,386.88,7.944,,7.74,66.269997,0.42,3.809998,-0.18,7.801
351,2007/5/21,386.74,7.64,,7.56,66.209999,-0.14,-0.059998,-4.239998,7.381
352,2007/5/28,387.14,7.878,,7.65,65.970001,0.4,-0.239998,0.989998,7.831
353,2007/6/4,387.13,7.663,,7.76,69.089996,-0.01,3.119995,3.809998,7.938
354,2007/6/11,386.66,7.918,,7.51,69.18,-0.47,0.090004,-0.059998,7.899
355,2007/6/18,385.93,7.13,,7.36,71.089996,-0.73,1.909996,-0.239998,7.944
356,2007/6/25,385.27,6.773,,6.71,72.190002,-0.66,1.100006,3.119995,7.64
357,2007/7/2,385.61,6.444,,6.27,74.150002,0.34,1.96,0.090004,7.878
358,2007/7/9,385.35,6.662,,6.4,74.889999,-0.26,0.739997,1.909996,7.663
359,2007/7/16,384.32,6.446,,6.37,76.830002,-1.03,1.940003,1.100006,7.918
360,2007/7/23,384.04,6.11,,5.76,72.059998,-0.28,-4.770004,1.96,7.13
361,2007/7/30,383.11,6.09,,6.3,71.620003,-0.93,-0.439995,0.739997,6.773
362,2007/8/6,382.7,6.82,,6.35,71.120003,-0.41,-0.5,1.940003,6.444
363,2007/8/13,382.11,7.01,,7.08,71.970001,-0.59,0.849998,-4.770004,6.662
364,2007/8/20,382.33,5.523,,5.93,77.489998,0.22,5.519997,-0.439995,6.446
365,2007/8/27,381.86,5.468,,5.51,80.57,-0.47,3.080002,-0.5,6.11
366,2007/9/3,381.76,5.501,,5.66,80.949997,-0.1,0.379997,0.849998,6.09
367,2007/9/10,380.88,6.279,,6.03,80.239998,-0.88,-0.709999,5.519997,6.82
368,2007/9/17,381.03,6.08,,6.21,79.019997,0.15,-1.220001,3.080002,7.01
369,2007/9/24,380.91,6.87,,6.33,86.129997,-0.12,7.11,0.379997,5.523
370,2007/10/1,381.12,7.073,,6.65,87.559998,0.21,1.430001,-0.709999,5.468
371,2007/10/8,381.19,6.974,,6.68,93.529999,0.07,5.970001,-1.220001,5.501
372,2007/10/15,381.27,7.041,,7.1,93.980003,0.08,0.450004,7.11,6.279
373,2007/10/22,381.59,7.218,,6.39,94.620003,0.32,0.64,1.430001,6.08
374,2007/10/29,382,8.418,,6.93,94.639999,0.41,0.019996,5.970001,6.87
375,2007/11/5,382.26,7.897,,6.95,97.699997,0.26,3.059998,0.450004,7.073
376,2007/11/12,382.46,8.001,,7.19,89.309998,0.2,-8.389999,0.64,6.974
377,2007/11/19,383.29,7.7,,6.88,87.860001,0.83,-1.449997,0.019996,7.041
378,2007/11/26,383.12,7.302,,7.44,90.629997,-0.17,2.769996,3.059998,7.218
379,2007/12/3,383.91,7.155,,7.12,90.629997,0.79,0,-8.389999,8.418
380,2007/12/10,383.95,7.025,,7.17,95.980003,0.04,5.350006,-1.449997,7.897
381,2007/12/17,384.63,7.19,,7.12,95.089996,0.68,-0.890007,2.769996,8.001
382,2007/12/24,384.18,7.386,,6.97,94.199997,-0.45,-0.889999,0,7.7
383,2007/12/31,385.02,7.841,,7.57,90.989998,0.84,-3.209999,5.350006,7.302
384,2008/1/7,384.67,8.21,,7.84,90.019997,-0.35,-0.970001,-0.890007,7.155
385,2008/1/14,386.05,7.993,,8.33,93.589996,1.38,3.569999,-0.889999,7.025
386,2008/1/21,386.25,7.983,,7.87,99.230003,0.2,5.640007,-3.209999,7.19
387,2008/1/28,387.02,7.74,,8.02,102.449997,0.77,3.219994,-0.970001,7.386
388,2008/2/4,386.25,8.301,,7.87,107.900002,-0.77,5.450005,3.569999,7.841
389,2008/2/11,386.2,8.66,,8.47,105.68,-0.05,-2.220002,5.640007,8.21
390,2008/2/18,385.54,9.146,,8.89,100.860001,-0.66,-4.819999,3.219994,7.993
391,2008/2/25,385.62,9.366,,9.16,101.580002,0.08,0.720001,5.450005,7.983
392,2008/3/3,386.06,9.769,,9.43,109.089996,0.44,7.509994,-2.220002,7.74
393,2008/3/10,385.95,9.868,,9.74,111.760002,-0.11,2.670006,-4.819999,8.301
394,2008/3/17,386.08,9.065,,9.09,117.480003,0.13,5.720001,0.720001,8.66
395,2008/3/24,386.97,9.8,,9.24,118.75,0.89,1.269997,7.509994,9.146
396,2008/3/31,388.31,9.322,,9.68,119.970001,1.34,1.220001,2.670006,9.366
397,2008/4/7,386.98,9.901,,9.88,124.230003,-1.33,4.260002,5.720001,9.769
398,2008/4/14,386.72,10.587,,10.13,127.050003,-0.26,2.82,1.269997,9.868
399,2008/4/21,387.58,10.963,,10.54,127.760002,0.86,0.709999,1.220001,9.065
400,2008/4/28,387.52,10.777,,10.75,134.350006,-0.06,6.590004,4.260002,9.8
401,2008/5/5,388.77,11.537,,11.11,134.610001,1.25,0.259995,2.82,9.322
402,2008/5/12,389.11,11.094,,11.36,136.740005,0.34,2.130004,0.709999,9.901
403,2008/5/19,389.13,11.857,,11.31,140,0.02,3.259995,6.590004,10.587
404,2008/5/26,388.82,11.703,,11.67,141.369995,-0.31,1.369995,0.259995,10.963
405,2008/6/2,388.76,12.693,,12.29,145.179993,-0.06,3.809998,2.130004,10.777
406,2008/6/9,387.74,12.625,,12.59,131.039993,-1.02,-14.14,3.259995,11.537
407,2008/6/16,388.11,12.994,,12.88,124.730003,0.37,-6.30999,1.369995,11.094
408,2008/6/23,387.53,13.198,,12.89,121.410004,-0.58,-3.319999,3.809998,11.857
409,2008/6/30,387.53,13.577,,13.2,114.449997,0,-6.960007,-14.14,11.703
410,2008/7/7,387.53,11.904,,12.3,112.870003,0,-1.579994,-6.30999,12.693
411,2008/7/14,387.53,10.57,,11.3,115.110001,0,2.239998,-3.319999,12.625
412,2008/7/21,386.61,9.084,,9.93,106.339996,-0.92,-8.770005,-6.960007,12.994
413,2008/7/28,385.14,9.389,,9.15,95.709999,-1.47,-10.629997,-1.579994,13.198
414,2008/8/4,385.46,8.248,,8.71,120.919998,0.32,25.209999,2.239998,13.577
415,2008/8/11,384.17,8.092,,8.1,96.370003,-1.29,-24.549995,-8.770005,11.904
416,2008/8/18,383.91,7.843,,7.9,87.809998,-0.26,-8.560005,-10.629997,10.57
417,2008/8/25,383.52,7.943,,8.16,81.190002,-0.39,-6.619996,25.209999,9.084
418,2008/9/1,383.73,7.449,,7.54,74.25,0.21,-6.940002,-24.549995,9.389
419,2008/9/8,383.26,7.366,,7.69,63.220001,-0.47,-11.029999,-8.560005,8.248
420,2008/9/15,383.6,7.531,,7.91,63.91,0.34,0.689999,-6.619996,8.092
421,2008/9/22,383.28,7.472,,7.74,62.41,-0.32,-1.5,-6.940002,7.843
422,2008/9/29,382.97,7.358,,7.3,54.950001,-0.31,-7.459999,-11.029999,7.943
423,2008/10/6,383.1,6.535,,6.68,54.5,0.13,-0.450001,0.689999,7.449
424,2008/10/13,383.07,6.786,,6.68,49.279999,-0.03,-5.220001,-1.5,7.366
425,2008/10/20,383.29,6.239,,6.75,43.709999,0.22,-5.57,-7.459999,7.531
426,2008/10/27,384.21,6.783,,6.44,44.509998,0.92,0.799999,-0.450001,7.472
427,2008/11/3,384.01,6.757,,6.76,39.91,-0.2,-4.599998,-5.220001,7.358
428,2008/11/10,384.33,6.312,,6.68,40.02,0.32,0.11,-5.57,6.535
429,2008/11/17,384.57,6.48,,6.67,48.810001,0.24,8.790001,0.799999,6.786
430,2008/11/24,384.72,6.51,,6.61,37.59,0.15,-11.220001,-4.599998,6.239
431,2008/12/1,385.28,5.742,,6.44,45.73,0.56,8.14,0.11,6.783
432,2008/12/8,385.52,5.488,,5.68,40.080002,0.24,-5.649998,8.790001,6.757
433,2008/12/15,385.77,5.334,,5.72,39.560001,0.25,-0.520001,-11.220001,6.312
434,2008/12/22,386.15,5.826,,5.41,38.439999,0.38,-1.120002,8.14,6.48
435,2008/12/29,386.46,5.971,,5.64,40.150002,0.31,1.710003,-5.649998,6.51
436,2009/1/5,386.63,5.516,,5.88,47.07,0.17,6.919998,-0.520001,5.742
437,2009/1/12,387.24,4.801,,5.42,47.349998,0.61,0.279998,-1.120002,5.488
438,2009/1/19,387.37,4.518,,4.8,53.799999,0.13,6.450001,1.710003,5.334
439,2009/1/26,387.74,4.417,,4.74,48.41,0.37,-5.389999,6.919998,5.826
440,2009/2/2,387.25,4.774,,4.81,51.049999,-0.49,2.639999,0.279998,5.971
441,2009/2/9,387.16,4.452,,4.72,50.049999,-0.09,-1,6.450001,5.516
442,2009/2/16,387.84,4.006,,4.34,45.880001,0.68,-4.169998,-5.389999,4.801
443,2009/2/23,388.45,4.198,,4.15,50.139999,0.61,4.259998,2.639999,4.518
444,2009/3/2,389.3,3.945,,4.23,54.470001,0.85,4.330002,-1,4.417
445,2009/3/9,389.03,3.932,,3.89,58.5,-0.27,4.029999,-4.169998,4.774
446,2009/3/16,388.42,4.227,,3.8,59.029999,-0.61,0.529999,4.259998,4.452
447,2009/3/23,389.51,3.631,,4.06,68.580002,1.09,9.550003,4.330002,4.006
448,2009/3/30,389.26,3.801,,3.62,68.089996,-0.25,-0.490006,4.029999,4.198
449,2009/4/6,389.65,3.61,,3.61,70.620003,0.39,2.530007,0.529999,3.945
450,2009/4/13,389.15,3.729,,3.53,66.93,-0.5,-3.690003,9.550003,3.932
451,2009/4/20,389.78,3.297,,3.45,71.489998,0.63,4.559998,-0.490006,4.227
452,2009/4/27,390.74,3.546,,3.29,64.050003,0.96,-7.439995,2.530007,3.631
453,2009/5/4,389.98,4.311,,3.78,59.689999,-0.76,-4.360004,-3.690003,3.801
454,2009/5/11,390.39,4.098,,4.24,63.98,0.41,4.290001,4.559998,3.61
455,2009/5/18,390.6,3.515,,3.79,68.379997,0.21,4.399997,-7.439995,3.729
456,2009/5/25,390.62,3.835,,3.58,71.580002,0.02,3.200005,-4.360004,3.297
457,2009/6/1,390.07,3.868,,3.76,70.599998,-0.55,-0.980004,4.290001,3.546
458,2009/6/8,390.42,3.857,,3.53,66.75,0.35,-3.849998,4.399997,4.311
459,2009/6/15,389.64,4.032,,4.04,74.370003,-0.78,7.620003,3.200005,4.098
460,2009/6/22,388.73,3.949,,3.87,69.959999,-0.91,-4.410004,-0.980004,3.515
461,2009/6/29,388.9,3.6,,3.68,68.860001,0.17,-1.099998,-3.849998,3.835
462,2009/7/6,388.7,3.373,,3.27,69.709999,-0.2,0.849998,7.620003,3.868
463,2009/7/13,388.57,3.669,,3.29,66.839996,-0.13,-2.870003,-4.410004,3.857
464,2009/7/20,387.9,3.695,,3.5,70.410004,-0.67,3.570008,-1.099998,4.032
465,2009/7/27,387.58,3.653,,3.41,73.269997,-0.32,2.859993,0.849998,3.949
466,2009/8/3,387.28,3.674,,3.58,79.610001,-0.3,6.340004,-2.870003,3.6
467,2009/8/10,386.22,3.238,,3.39,78.68,-1.06,-0.930001,3.570008,3.373
468,2009/8/17,385.91,2.804,,3.01,78.129997,-0.31,-0.550003,2.859993,3.669
469,2009/8/24,385.83,3.033,,2.72,79.43,-0.08,1.300003,6.340004,3.695
470,2009/8/31,385.36,2.728,,2.18,78.900002,-0.47,-0.529998,-0.930001,3.653
471,2009/9/7,384.9,2.96,,2.69,77.559998,-0.46,-1.340004,-0.550003,3.674
472,2009/9/14,384.96,3.778,,3.21,77.279999,0.06,-0.279999,1.300003,3.238
473,2009/9/21,384.84,3.985,,3.46,73.93,-0.12,-3.349999,-0.529998,2.804
474,2009/9/28,384.23,4.718,,3.06,69.510002,-0.61,-4.419998,-1.340004,3.033
475,2009/10/5,384.08,4.77,,3.6,72.470001,-0.15,2.959999,-0.279999,2.728
476,2009/10/12,384.58,4.781,,3.93,78.769997,0.5,6.299996,-3.349999,2.96
477,2009/10/19,384.92,4.787,,4.7,81.510002,0.34,2.740005,-4.419998,3.778
478,2009/10/26,385.22,5.045,,4.37,82.519997,0.3,1.009995,2.959999,3.985
479,2009/11/2,385.58,4.595,,4.28,75.260002,0.36,-7.259995,6.299996,4.718
480,2009/11/9,385.9,4.392,,3.38,74.43,0.32,-0.830002,2.740005,4.77
481,2009/11/16,386.55,4.424,,3.3,71.889999,0.65,-2.540001,1.009995,4.781
482,2009/11/23,386.59,5.192,,3.52,80.160004,0.04,8.270005,-7.259995,4.787
483,2009/11/30,387.28,4.586,,4.5,78.699997,0.69,-1.460007,-0.830002,5.045
484,2009/12/7,387.18,5.163,,5.08,81.870003,-0.1,3.170006,-2.540001,4.595
485,2009/12/14,387.07,5.782,,5.61,79.800003,-0.11,-2.07,8.270005,4.392
486,2009/12/21,388.61,5.643,,5.66,81.25,1.54,1.449997,-1.460007,4.424
487,2009/12/28,388.8,5.572,,5.88,82.169998,0.19,0.919998,3.170006,5.192
488,2010/1/4,388.37,5.749,,6.56,86.620003,-0.43,4.450005,-2.07,4.586
489,2010/1/11,388.54,5.691,,5.68,84.339996,0.17,-2.280007,1.449997,5.163
490,2010/1/18,388.54,5.819,,5.56,81.449997,0,-2.889999,0.919998,5.782
491,2010/1/25,389.21,5.131,,5.47,84.199997,0.67,2.75,4.450005,5.643
492,2010/2/1,390.91,5.515,,5.47,86.190002,1.7,1.990005,-2.280007,5.572
493,2010/2/8,390.55,5.468,,5.55,76.800003,-0.36,-9.389999,-2.889999,5.749
494,2010/2/15,390.43,5.044,,5.41,70.080002,-0.12,-6.720001,2.75,5.691
495,2010/2/22,389.79,4.813,,4.87,70.209999,-0.64,0.129997,1.990005,5.819
496,2010/3/1,391.14,4.593,,4.74,71.440002,1.35,1.230003,-9.389999,5.131
497,2010/3/8,391.59,4.4,,4.45,75.120003,0.45,3.680001,-6.720001,5.515
498,2010/3/15,391.38,4.169,,4.23,77.82,-0.21,2.699997,0.129997,5.468
499,2010/3/22,390.5,3.872,,4.01,78.25,-0.88,0.43,1.230003,5.044
500,2010/3/29,391.96,4.086,,3.82,74.949997,1.46,-3.300003,3.680001,4.813
501,2010/4/5,391.39,4.07,,4,76.540001,-0.57,1.590004,2.699997,4.593
502,2010/4/12,392.93,4.039,,4.06,78.980003,1.54,2.440002,0.43,4.4
503,2010/4/19,393.53,4.257,,3.99,81.339996,0.6,2.359993,-3.300003,4.169
504,2010/4/26,393.42,3.92,,4.16,81.480003,-0.11,0.140007,1.590004,3.872
505,2010/5/3,393.2,4.015,,3.94,75.239998,-0.22,-6.240005,2.440002,4.086
506,2010/5/10,392.81,4.312,,4.19,73.099998,-0.39,-2.14,2.359993,4.07
507,2010/5/17,393.64,4.035,,4.26,74.699997,0.83,1.599999,0.140007,4.039
508,2010/5/24,392.93,4.341,,4.18,77.190002,-0.71,2.490005,-6.240005,4.257
509,2010/5/31,393.51,4.797,,4.44,74.860001,0.58,-2.330001,-2.14,3.92
510,2010/6/7,392.99,4.781,,4.73,76.519997,-0.52,1.659996,1.599999,4.015
511,2010/6/14,392.1,4.997,,5.1,81.470001,-0.89,4.950004,2.490005,4.312
512,2010/6/21,391.86,4.861,,4.93,82.209999,-0.24,0.739998,-2.330001,4.035
513,2010/6/28,391.36,4.687,,4.66,83.080002,-0.5,0.870003,1.659996,4.341
514,2010/7/5,390.77,4.402,,4.65,82.519997,-0.59,-0.560005,4.950004,4.797
515,2010/7/12,390.06,4.519,,4.48,82.949997,-0.71,0.43,0.739998,4.781
516,2010/7/19,390.47,4.58,,4.64,87.059998,0.41,4.110001,0.870003,4.997
517,2010/7/26,390.04,4.923,,4.75,84.860001,-0.43,-2.199997,-0.560005,4.861
518,2010/8/2,389.07,4.467,,4.8,81.739998,-0.97,-3.120003,0.43,4.687
519,2010/8/9,389.02,4.328,,4.42,85.730003,-0.05,3.990005,4.110001,4.402
520,2010/8/16,388.67,4.117,,4.3,89.379997,-0.35,3.649994,-2.199997,4.519
521,2010/8/23,387.8,3.651,,3.96,88.610001,-0.87,-0.769996,-3.120003,4.58
522,2010/8/30,387.72,3.939,,3.76,88.809998,-0.08,0.199997,3.990005,4.923
523,2010/9/6,386.32,3.883,,3.8,91,-1.4,2.190002,3.649994,4.467
524,2010/9/13,387.24,4.024,,4.01,91.550003,0.92,0.550003,-0.769996,4.328
525,2010/9/20,386.96,3.881,,4.01,89.25,-0.28,-2.300003,0.199997,4.117
526,2010/9/27,386.97,3.797,,3.79,87.870003,0.01,-1.379997,2.190002,3.651
527,2010/10/4,387.14,3.651,,3.52,92.190002,0.17,4.319999,0.550003,3.939
528,2010/10/11,387.02,3.535,,3.49,87.480003,-0.12,-4.709999,-2.300003,3.883
529,2010/10/18,387.62,3.332,,3.37,84.809998,0.6,-2.670005,-1.379997,4.024
530,2010/10/25,388.02,4.038,,3.31,96.970001,0.4,12.160003,4.319999,3.881
531,2010/11/1,388.24,3.937,,3.39,105.440002,0.22,8.470001,-4.709999,3.797
532,2010/11/8,388.25,3.799,,3.7,101.190002,0.01,-4.25,-2.670005,3.651
533,2010/11/15,388.82,4.164,,3.73,102.330002,0.57,1.14,12.160003,3.535
534,2010/11/22,389.69,4.399,,3.9,103.980003,0.87,1.650001,8.470001,3.332
535,2010/11/29,389.86,4.349,,4.2,108.470001,0.17,4.489998,-4.25,4.038
536,2010/12/6,389.97,4.417,,4.46,109.919998,0.11,1.449997,1.14,3.937
537,2010/12/13,389.64,4.066,122.5,4.26,107.120003,-0.33,-2.799995,1.650001,3.799
538,2010/12/20,390.34,4.083,125.25,4.09,112.279999,0.7,5.159996,4.489998,4.164
539,2010/12/27,390.14,4.405,132,4.16,113.519997,-0.2,1.239998,1.449997,4.399
540,2011/1/3,391.74,4.422,129.75,4.52,102.550003,1.6,-10.969994,-2.799995,4.349
541,2011/1/10,390.96,4.48,127.5,4.46,97.370003,-0.78,-5.18,5.159996,4.417
542,2011/1/17,391.7,4.736,125.949997,4.57,97.699997,0.74,0.329994,1.239998,4.066
543,2011/1/24,391.56,4.323,124,4.45,99.010002,-0.14,1.310005,-10.969994,4.083
544,2011/1/31,392.26,4.31,122.050003,4.51,97.300003,0.7,-1.709999,-5.18,4.405
545,2011/2/7,391.63,3.91,119.25,4.17,93.260002,-0.63,-4.040001,0.329994,4.422
546,2011/2/14,391.84,3.876,119.050003,3.9,90.610001,0.21,-2.650001,1.310005,4.48
547,2011/2/21,392.24,4.005,119.199997,3.84,95.150002,0.4,4.540001,-1.709999,4.736
548,2011/2/28,392.26,3.809,122,3.82,95.93,0.02,0.779998,-4.040001,4.323
549,2011/3/7,392.07,3.889,122.5,3.8,99.199997,-0.19,3.269997,-2.650001,4.31
550,2011/3/14,392.69,4.168,124.75,3.88,94.889999,0.62,-4.309998,4.540001,3.91
551,2011/3/21,393.09,4.403,125.5,4.12,81.309998,0.4,-13.580001,0.779998,3.876
552,2011/3/28,394.21,4.362,128,4.3,87.879997,1.12,6.569999,3.269997,4.005
553,2011/4/4,393.19,4.041,128.5,4.15,84.120003,-1.02,-3.759994,-4.309998,3.809
554,2011/4/11,393.28,4.204,128.25,4.12,87.269997,0.09,3.149994,-13.580001,3.889
555,2011/4/18,393.73,4.412,128,4.27,88.190002,0.45,0.920005,6.569999,4.168
556,2011/4/25,393.5,4.698,127.849998,4.39,85.699997,-0.23,-2.490005,-3.759994,4.403
557,2011/5/2,394.33,4.235,126.300003,4.5,80.239998,0.83,-5.459999,3.149994,4.362
558,2011/5/9,393.08,4.246,123.650002,4.18,77.610001,-1.25,-2.629997,0.920005,4.041
559,2011/5/16,395.1,4.23,123.550003,4.15,85.410004,2.02,7.800003,-2.490005,4.204
560,2011/5/23,395.29,4.518,122.800003,4.35,86.379997,0.19,0.969993,-5.459999,4.412
561,2011/5/30,394.41,4.707,122.150002,4.65,91.269997,-0.88,4.89,-2.629997,4.698
562,2011/6/6,393.7,4.757,123.349998,4.83,93.190002,-0.71,1.920005,7.800003,4.235
563,2011/6/13,394,4.325,123.099998,4.56,95.519997,0.3,2.329995,0.969993,4.246
564,2011/6/20,393.75,4.229,122.699997,4.33,98.139999,-0.25,2.620002,4.89,4.23
565,2011/6/27,393.65,4.311,122.449997,4.32,96.919998,-0.1,-1.220001,1.920005,4.518
566,2011/7/4,393.71,4.205,122.949997,4.3,98.209999,0.06,1.290001,2.329995,4.707
567,2011/7/11,393.49,4.546,122.900002,4.41,100.989998,-0.22,2.779999,2.620002,4.757
568,2011/7/18,391.52,4.399,123.099998,4.58,97.769997,-1.97,-3.220001,-1.220001,4.325
569,2011/7/25,392.18,4.145,123.449997,4.4,93.879997,0.66,-3.89,1.290001,4.229
570,2011/8/1,391.4,3.941,126.199997,4.21,101.309998,-0.78,7.430001,2.779999,4.311
571,2011/8/8,390.8,4.06,125.699997,4.08,99.580002,-0.6,-1.729996,-3.220001,4.205
572,2011/8/15,390.34,3.94,125.050003,4.01,98.779999,-0.46,-0.800003,-3.89,4.546
573,2011/8/22,389.59,3.931,124.75,4.01,96.910004,-0.75,-1.869995,7.430001,4.399
574,2011/8/29,389.7,3.872,126.150002,4.01,100.910004,0.11,4,-1.729996,4.145
575,2011/9/5,389.24,3.915,125.300003,3.96,108.559998,-0.46,7.649994,-0.800003,3.941
576,2011/9/12,389.35,3.809,124.5,3.95,106.720001,0.11,-1.839997,-1.869995,4.06
577,2011/9/19,389.29,3.701,123.949997,3.77,106.339996,-0.06,-0.380005,4,3.94
578,2011/9/26,388.87,3.666,123.5,3.81,108.089996,-0.42,1.75,7.649994,3.931
579,2011/10/3,388.98,3.481,118.699997,3.53,107.029999,0.11,-1.059997,-1.839997,3.872
580,2011/10/10,389.01,3.703,117.900002,3.48,105.230003,0.03,-1.799996,-0.380005,3.915
581,2011/10/17,389.23,3.629,117,3.62,102.459999,0.22,-2.770004,1.75,3.809
582,2011/10/24,389.44,3.923,117.550003,3.62,102.93,0.21,0.470001,-1.059997,3.701
583,2011/10/31,389.81,3.783,117.550003,3.47,103.110001,0.37,0.180001,-1.799996,3.666
584,2011/11/7,389.97,3.584,116.599998,3.42,104.870003,0.16,1.760002,-2.770004,3.481
585,2011/11/14,390.66,3.316,116.349998,3.1,97.940002,0.69,-6.930001,0.470001,3.703
586,2011/11/21,390.7,3.542,115.349998,2.92,94.779999,0.04,-3.160003,0.180001,3.629
587,2011/11/28,391.34,3.584,112.099998,3.37,92.57,0.64,-2.209999,1.760002,3.923
588,2011/12/5,391.56,3.317,111.199997,3.39,83.980003,0.22,-8.589997,-6.930001,3.783
589,2011/12/12,392.21,3.127,111.050003,3.08,82.699997,0.65,-1.280006,-3.160003,3.584
590,2011/12/19,392.65,3.114,111.25,3.04,83.269997,0.44,0.57,-2.209999,3.316
591,2011/12/26,392.4,2.989,111.5,3.04,79.209999,-0.25,-4.059998,-8.589997,3.542
592,2012/1/2,393.15,3.062,110.050003,2.92,83.75,0.75,4.540001,-1.280006,3.584
593,2012/1/9,393.57,2.67,107.400002,2.81,85.989998,0.42,2.239998,0.57,3.317
594,2012/1/16,393.17,2.343,106.550003,2.4,88.43,-0.4,2.440002,-4.059998,3.127
595,2012/1/23,393.53,2.678,106.099998,2.57,88.139999,0.36,-0.290001,4.540001,3.114
596,2012/1/30,393.43,2.499,101.349998,2.45,89.779999,-0.1,1.64,2.239998,2.989
597,2012/2/6,393.9,2.477,99.349998,2.51,92.199997,0.47,2.419998,2.440002,3.062
598,2012/2/13,393.68,2.684,99.25,2.52,92.730003,-0.22,0.530006,-0.290001,2.67
599,2012/2/20,394.61,2.55,99.349998,2.63,95.970001,0.93,3.239998,1.64,2.343
600,2012/2/27,394.45,2.484,96.550003,2.45,95.470001,-0.16,-0.5,2.419998,2.678
601,2012/3/5,393.73,2.324,97.300003,2.26,96.540001,-0.72,1.07,0.530006,2.499
602,2012/3/12,394.46,2.326,96.800003,2.11,96.620003,0.73,0.080002,3.239998,2.477
603,2012/3/19,394.98,2.275,96.650002,2.16,91.93,0.52,-4.690003,-0.5,2.684
604,2012/3/26,395.32,2.126,97.099998,2.06,92.480003,0.34,0.550003,1.07,2.55
605,2012/4/2,395.51,2.089,98.300003,1.97,89.330002,0.19,-3.150001,0.080002,2.484
606,2012/4/9,396.81,1.981,97.400002,1.93,91.849998,1.3,2.519996,-4.690003,2.324
607,2012/4/16,396.35,1.927,96.849998,1.86,88.730003,-0.46,-3.119995,0.550003,2.326
608,2012/4/23,396.8,2.186,96.25,2,85.650002,0.45,-3.080001,-3.150001,2.275
609,2012/4/30,397.11,2.279,88.900002,2.26,85.57,0.31,-0.080002,2.519996,2.126
610,2012/5/7,397.32,2.509,88.349998,2.33,89.279999,0.21,3.709999,-3.119995,2.089
611,2012/5/14,397.18,2.742,86.900002,2.49,87.739998,-0.14,-1.540001,-3.080001,1.981
612,2012/5/21,396.31,2.568,86.75,2.59,89.089996,-0.87,1.349998,-0.080002,1.927
613,2012/5/28,396.48,2.326,88.25,2.37,85.559998,0.17,-3.529998,3.709999,2.186
614,2012/6/4,395.93,2.299,86.949997,2.33,87.199997,-0.55,1.639999,-1.540001,2.279
615,2012/6/11,396.43,2.467,86.099998,2.24,87.199997,0.5,0,1.349998,2.509
616,2012/6/18,395.77,2.625,86.400002,2.52,91.82,-0.66,4.620003,-3.529998,2.742
617,2012/6/25,395.45,2.824,87,2.76,93.190002,-0.32,1.370002,1.639999,2.568
618,2012/7/2,395.15,2.776,89.650002,2.84,94.139999,-0.3,0.949997,0,2.326
619,2012/7/9,394.56,2.874,88.5,2.82,96.440002,-0.59,2.300003,4.620003,2.299
620,2012/7/16,394.66,3.081,89.050003,2.92,96.169998,0.1,-0.270004,1.370002,2.467
621,2012/7/23,394.28,3.01,89.150002,3.13,97.029999,-0.38,0.860001,0.949997,2.625
622,2012/7/30,393.62,2.877,94.099998,3.12,93.110001,-0.66,-3.919998,2.300003,2.824
623,2012/8/6,393.43,2.77,95.099998,2.92,90.120003,-0.19,-2.989998,-0.270004,2.776
624,2012/8/13,392.71,2.719,94.550003,2.77,92.059998,-0.72,1.939995,0.860001,2.874
625,2012/8/20,391.57,2.702,94.300003,2.79,93.739998,-1.14,1.68,-3.919998,3.081
626,2012/8/27,391.99,2.799,93.800003,2.72,94.809998,0.42,1.07,-2.989998,3.01
627,2012/9/3,392.06,2.682,92.300003,2.82,97.07,0.07,2.260002,1.939995,2.877
628,2012/9/10,391.1,2.943,90.5,2.88,93.360001,-0.96,-3.709999,1.68,2.77
629,2012/9/17,390.99,2.885,90.050003,2.76,88.709999,-0.11,-4.650002,1.07,2.719
630,2012/9/24,391.09,3.32,89.300003,2.93,88.760002,0.1,0.050003,2.260002,2.702
631,2012/10/1,391.02,3.396,87.699997,3.22,94.5,-0.07,5.739998,-3.709999,2.799
632,2012/10/8,391.18,3.611,86.599998,3.26,96.160004,0.16,1.660004,-4.650002,2.682
633,2012/10/15,391.11,3.617,86.75,3.31,95.169998,-0.07,-0.990006,0.050003,2.943
634,2012/10/22,391.56,3.4,86.599998,3.41,96.709999,0.45,1.540001,5.739998,2.885
635,2012/10/29,391.78,3.554,86.599998,3.44,93.449997,0.22,-3.260002,1.660004,3.32
636,2012/11/5,392.52,3.503,87.25,3.4,95.769997,0.74,2.32,-0.990006,3.396
637,2012/11/12,393.48,3.79,88.25,3.54,97.769997,0.96,2,1.540001,3.611
638,2012/11/19,393.39,3.901,88.800003,3.61,95.18,-0.09,-2.589997,-3.260002,3.617
639,2012/11/26,393.93,3.561,89.5,3.66,97.989998,0.54,2.809998,2.32,3.4
640,2012/12/3,393.88,3.551,90.650002,3.41,103.139999,-0.05,5.150001,2,3.554
641,2012/12/10,394.62,3.314,89.599998,3.3,106.32,0.74,3.180001,-2.589997,3.503
642,2012/12/17,394.75,3.451,90.150002,3.3,106.910004,0.13,0.590004,2.809998,3.79
643,2012/12/24,395.06,3.469,89.949997,3.34,104.550003,0.31,-2.360001,5.150001,3.901
644,2012/12/31,394.73,3.287,88.25,3.28,106.559998,-0.33,2.009995,3.180001,3.561
645,2013/1/7,395.59,3.327,86.449997,3.18,106.110001,0.86,-0.449997,0.590004,3.551
646,2013/1/14,396.21,3.566,86.25,3.44,107.099998,0.62,0.989997,-2.360001,3.314
647,2013/1/21,396.01,3.444,86.199997,3.54,105.919998,-0.2,-1.18,2.009995,3.451
648,2013/1/28,395.99,3.301,86.220001,3.26,109.519997,-0.02,3.599999,-0.449997,3.469
649,2013/2/4,396.86,3.272,87.449997,3.33,106.589996,0.87,-2.930001,0.989997,3.287
650,2013/2/11,397.2,3.153,87.099998,3.26,103.589996,0.34,-3,-1.18,3.327
651,2013/2/18,397.37,3.291,87.650002,3.28,102.330002,0.17,-1.259994,3.599999,3.566
652,2013/2/25,396.96,3.456,87.660004,3.48,103.029999,-0.41,0.699997,-2.930001,3.444
653,2013/3/4,397.88,3.629,88.050003,3.57,102.410004,0.92,-0.619995,-3,3.301
654,2013/3/11,397.17,3.872,87.449997,3.74,99.220001,-0.71,-3.190003,-1.259994,3.272
655,2013/3/18,397.58,3.927,86.199997,3.99,98.68,0.41,-0.540001,0.699997,3.153
656,2013/3/25,398.19,4.024,85.25,4.05,94.620003,0.61,-4.059997,-0.619995,3.291
657,2013/4/1,398.3,4.125,80.949997,3.99,95.139999,0.11,0.519996,-3.190003,3.456
658,2013/4/8,398,4.222,81.400002,4.13,93.029999,-0.3,-2.11,-0.540001,3.629
659,2013/4/15,398.19,4.408,81.699997,4.25,94.089996,0.19,1.059997,-4.059997,3.872
660,2013/4/22,399.44,4.151,82.449997,4.24,93.82,1.25,-0.269996,0.519996,3.927
661,2013/4/29,399.76,4.041,83.900002,4.23,97.339996,0.32,3.519996,-2.11,4.024
662,2013/5/6,399.75,3.91,83.300003,3.89,97.480003,-0.01,0.140007,1.059997,4.125
663,2013/5/13,399.98,4.055,82.5,3.95,98.910004,0.23,1.430001,-0.269996,4.222
664,2013/5/20,400.17,4.237,82.349998,4.14,99.290001,0.19,0.379997,3.519996,4.408
665,2013/5/27,400.12,3.984,82.050003,4.12,93.43,-0.05,-5.860001,0.140007,4.151
666,2013/6/3,399.4,3.828,77.099998,3.94,91.800003,-0.72,-1.629997,1.430001,4.041
667,2013/6/10,398.8,3.733,74.349998,3.77,95.720001,-0.6,3.919998,0.379997,3.91
668,2013/6/17,398.33,3.771,74.449997,3.87,96.43,-0.47,0.709999,-5.860001,4.055
669,2013/6/24,398.84,3.565,74.5,3.72,100.059998,0.51,3.629998,-1.629997,4.237
670,2013/7/1,398.43,3.617,74.400002,3.54,102.82,-0.41,2.760002,3.919998,3.984
671,2013/7/8,397.93,3.644,74.150002,3.66,104.919998,-0.5,2.099998,0.709999,3.828
672,2013/7/15,397.27,3.789,74.400002,3.69,101.120003,-0.66,-3.799995,3.629998,3.733
673,2013/7/22,397.01,3.555,74.949997,3.67,98.080002,-0.26,-3.040001,2.760002,3.771
674,2013/7/29,396.87,3.347,74.949997,3.45,99.599998,-0.14,1.519996,2.099998,3.565
675,2013/8/5,395.86,3.23,75.5,3.32,101.580002,-1.01,1.980004,-3.799995,3.617
676,2013/8/12,395.32,3.368,75.550003,3.35,100.440002,-0.54,-1.14,-3.040001,3.644
677,2013/8/19,395.34,3.485,75.599998,3.49,104.050003,0.02,3.610001,1.519996,3.789
678,2013/8/26,394.42,3.581,75.699997,3.55,104.370003,-0.92,0.32,1.980004,3.555
679,2013/9/2,394.05,3.53,76.150002,3.64,100.839996,-0.37,-3.530007,-1.14,3.347
680,2013/9/9,393.59,3.677,76.650002,3.61,99.480003,-0.46,-1.359993,3.610001,3.23
681,2013/9/16,393.73,3.687,77.349998,3.71,100.589996,0.14,1.109993,0.32,3.368
682,2013/9/23,393.58,3.589,78.25,3.55,102.610001,-0.15,2.020005,-3.530007,3.485
683,2013/9/30,393.52,3.506,82.900002,3.56,102.470001,-0.06,-0.14,-1.359993,3.581
684,2013/10/7,393.55,3.776,82.400002,3.7,104.410004,0.03,1.940003,1.109993,3.53
685,2013/10/14,393.88,3.764,83.849998,3.79,106.900002,0.33,2.489998,2.020005,3.677
686,2013/10/21,394.19,3.707,84,3.69,106.169998,0.31,-0.730004,-0.14,3.687
687,2013/10/28,394.44,3.513,84.190002,3.55,105.370003,0.25,-0.799995,1.940003,3.589
688,2013/11/4,394.67,3.559,84.150002,3.47,103.529999,0.23,-1.840004,2.489998,3.506
689,2013/11/11,395.73,3.66,83.5,3.62,100.910004,1.06,-2.619995,-0.730004,3.776
690,2013/11/18,395.07,3.768,84.449997,3.68,104.589996,-0.66,3.679992,-0.799995,3.764
691,2013/11/25,396.2,3.954,84.599998,3.87,101.669998,1.13,-2.919998,-1.840004,3.707
692,2013/12/2,396.46,4.114,83.449997,3.94,98.290001,0.26,-3.379997,-2.619995,3.513
693,2013/12/9,396.33,4.351,85.800003,4.31,98.080002,-0.13,-0.209999,3.679992,3.559
694,2013/12/16,397.61,4.418,85,4.25,96.410004,1.28,-1.669998,-2.919998,3.66
695,2013/12/23,397.46,4.407,84.650002,4.45,93.349998,-0.15,-3.060006,-3.379997,3.768
696,2013/12/30,397.6,4.304,81,4.36,92.660004,0.14,-0.689994,-0.209999,3.954
697,2014/1/6,398.41,4.053,83.5,4.31,92.919998,0.81,0.259994,-1.669998,4.114
698,2014/1/13,397.93,4.326,84.449997,4.39,91.519997,-0.48,-1.400001,-3.060006,4.351
699,2014/1/20,398.15,5.182,83.300003,5.08,94.57,0.22,3.050003,-0.689994,4.418
700,2014/1/27,398.02,4.943,83.150002,5.29,90.339996,-0.13,-4.230004,0.259994,4.407
701,2014/2/3,398.16,4.775,79.550003,6.35,85.739998,0.14,-4.599998,-1.400001,4.304
702,2014/2/10,398.06,5.214,79.349998,6.55,82.709999,-0.1,-3.029999,3.050003,4.053
703,2014/2/17,398.27,6.135,77.400002,6,81,0.21,-1.709999,-4.230004,4.326
704,2014/2/24,398.47,4.609,77.199997,5.1,78.779999,0.2,-2.220001,-4.599998,5.182
705,2014/3/3,398.64,4.618,73.650002,6.24,77.400002,0.17,-1.379997,-3.029999,4.943
706,2014/3/10,400.07,4.425,75.75,4.58,75.639999,1.43,-1.760003,-1.709999,4.775
707,2014/3/17,401.36,4.313,75.400002,4.43,75.779999,1.29,0.14,-2.220001,5.214
708,2014/3/24,400.3,4.485,75.150002,4.46,69,-1.06,-6.779999,-1.379997,6.135
709,2014/3/31,400.8,4.439,76.25,4.45,63.049999,0.5,-5.950001,-1.760003,4.609
710,2014/4/7,401.29,4.62,76.699997,4.63,55.91,0.49,-7.139999,0.14,4.618
711,2014/4/14,401.72,4.741,77,4.65,55.259998,0.43,-0.650002,-6.779999,4.425
712,2014/4/21,401.77,4.647,76.849998,4.8,53.610001,0.05,-1.649997,-5.950001,4.313
713,2014/4/28,401.92,4.674,76.870003,4.76,50.040001,0.15,-3.57,-7.139999,4.485
714,2014/5/5,401.9,4.531,75.150002,4.74,46.07,-0.02,-3.970001,-0.650002,4.439
715,2014/5/12,401.91,4.413,75.25,4.46,45.150002,0.01,-0.919998,-1.649997,4.62
716,2014/5/19,401.93,4.405,74.949997,4.52,49.57,0.02,4.419998,-3.57,4.741
717,2014/5/26,402,4.542,74.849998,4.52,52.860001,0.07,3.290001,-3.970001,4.647
718,2014/6/2,401.99,4.71,72.699997,4.61,49.450001,-0.01,-3.41,-0.919998,4.674
719,2014/6/9,401.68,4.739,72.900002,4.61,49.59,-0.31,0.139999,4.419998,4.531
720,2014/6/16,401.21,4.531,72.449997,4.66,50,-0.47,0.41,3.290001,4.413
721,2014/6/23,401.12,4.409,72.300003,4.52,43.880001,-0.09,-6.119999,-3.41,4.405
722,2014/6/30,400.43,4.406,72.849998,4.41,47.450001,-0.69,3.57,0.139999,4.542
723,2014/7/7,400.12,4.146,72.449997,4.19,48.68,-0.31,1.229999,0.41,4.71
724,2014/7/14,399.1,3.951,72.949997,4.11,52.139999,-1.02,3.459999,-6.119999,4.739
725,2014/7/21,399.12,3.781,73.349998,3.84,51.91,0.02,-0.229999,3.57,4.531
726,2014/7/28,397.77,3.798,73.360001,3.79,56.380001,-1.35,4.470001,1.229999,4.409
727,2014/8/4,398.06,3.962,78,3.92,56.990002,0.29,0.610001,3.459999,4.406
728,2014/8/11,397.5,3.776,77,3.9,58.93,-0.56,1.939998,-0.229999,4.146
729,2014/8/18,397.04,3.84,77,3.85,59.25,-0.46,0.32,4.470001,3.951
730,2014/8/25,396.59,4.065,77,4.01,59.43,-0.45,0.18,0.610001,3.781
731,2014/9/1,396.63,3.793,75.300003,3.93,60.200001,0.04,0.770001,1.939998,3.798
732,2014/9/8,395.27,3.857,75.75,3.91,58.139999,-1.36,-2.060002,0.32,3.962
733,2014/9/15,395.33,3.837,75.150002,3.95,59.52,0.06,1.380001,0.18,3.776
734,2014/9/22,395.71,3.984,75.099998,3.88,59.68,0.38,0.16,0.770001,3.84
735,2014/9/29,395.58,4.039,72.400002,4.02,58.330002,-0.13,-1.349998,-2.060002,4.065
736,2014/10/6,395.82,3.859,72.400002,3.87,52.529999,0.24,-5.800003,1.380001,3.793
737,2014/10/13,395.91,3.766,71.900002,3.82,52.200001,0.09,-0.329998,0.16,3.857
738,2014/10/20,396.12,3.623,72.849998,3.63,50.150002,0.21,-2.049999,-1.349998,3.837
739,2014/10/27,397.81,3.873,72.900002,3.65,47.389999,1.69,-2.760003,-5.800003,3.984
740,2014/11/3,397.04,4.412,72,3.83,45.169998,-0.77,-2.220001,-0.329998,4.039
741,2014/11/10,397.46,4.02,73.550003,4.16,44.959999,0.42,-0.209999,-2.049999,3.859
742,2014/11/17,397.6,4.266,74,4.34,41.869999,0.14,-3.09,-2.760003,3.766
743,2014/11/24,398.15,4.088,74.150002,4.16,38.240002,0.55,-3.629997,-2.220001,3.623
744,2014/12/1,398.47,3.802,71.949997,3.75,49.200001,0.32,10.959999,-0.209999,3.873
745,2014/12/8,399.39,3.795,71.599998,3.66,44,0.92,-5.200001,-3.09,4.412
746,2014/12/15,399.36,3.464,71.199997,3.69,46.68,-0.03,2.68,-3.629997,4.02
747,2014/12/22,399.11,3.007,71.199997,2.94,44.43,-0.25,-2.25,10.959999,4.266
748,2014/12/29,400.03,3.003,70.959999,3.09,46.259998,0.92,1.829998,-5.200001,4.088
749,2015/1/5,400.05,2.946,60.150002,3.03,47.099998,0.02,0.84,2.68,3.802
750,2015/1/12,400.36,3.127,57.900002,3.08,45.889999,0.31,-1.209999,-2.25,3.795
751,2015/1/19,399.7,2.986,58.549999,2.95,43.98,-0.66,-1.909999,1.829998,3.464
752,2015/1/26,400.39,2.691,58.950001,2.91,46.139999,0.69,2.159999,0.84,3.007
753,2015/2/2,400.44,2.579,61.25,2.72,43.869999,0.05,-2.27,-1.209999,3.003
754,2015/2/9,400.14,2.804,62.5,2.75,41.740002,-0.3,-2.129997,-1.909999,2.946
755,2015/2/16,400.11,2.951,62.099998,2.9,41.75,-0.03,0.009998,2.159999,3.127
756,2015/2/23,401.53,2.734,61.900002,3.13,41.650002,1.42,-0.099998,-2.27,2.986
757,2015/3/2,401.48,2.839,61.799999,3.04,37.650002,-0.05,-4,-2.129997,2.691
758,2015/3/9,402.23,2.727,62,2.76,36.310001,0.75,-1.340001,0.009998,2.579
759,2015/3/16,400.98,2.786,61,2.8,34.740002,-1.25,-1.569999,-0.099998,2.804
760,2015/3/23,401.97,2.59,61.049999,2.79,36.810001,0.99,2.069999,-4,2.951
761,2015/3/30,402,2.713,61.07,2.64,36.759998,0.03,-0.050003,-1.340001,2.734
762,2015/4/6,403.4,2.511,59.099998,2.67,31.41,1.4,-5.349998,-1.569999,2.839
763,2015/4/13,404.23,2.634,59.950001,2.61,31.41,0.83,0,2.069999,2.727
764,2015/4/20,403.27,2.531,59.599998,2.6,30.34,-0.96,-1.07,-0.050003,2.786
765,2015/4/27,403.99,2.776,59.580002,2.57,31.620001,0.72,1.280001,-5.349998,2.59
766,2015/5/4,404.33,2.88,59.599998,2.75,29.690001,0.34,-1.93,0,2.713
767,2015/5/11,404.16,3.016,59.049999,2.88,29.690001,-0.17,0,-1.07,2.511
768,2015/5/18,404.16,2.887,58.799999,2.99,31.48,0,1.789999,1.280001,2.634
769,2015/5/25,403.99,2.642,58.849998,2.8,33.75,-0.17,2.27,-1.93,2.531
770,2015/6/1,403.37,2.59,56.799999,2.65,37.900002,-0.62,4.150002,0,2.776
771,2015/6/8,403.41,2.75,57.75,2.78,37.18,0.04,-0.720002,1.789999,2.88
772,2015/6/15,402.56,2.816,58,2.9,39.91,-0.85,2.73,2.27,3.016
773,2015/6/22,402.88,2.773,58.200001,2.8,39.389999,0.32,-0.520001,4.150002,2.887
774,2015/6/29,402.33,2.822,58.18,2.79,35.700001,-0.55,-3.689998,-0.720002,2.642
775,2015/7/6,401.9,2.77,58.75,2.75,40.360001,-0.43,4.66,2.73,2.59
776,2015/7/13,401.57,2.87,58.400002,2.89,39.779999,-0.33,-0.580002,-0.520001,2.75
777,2015/7/20,401.43,2.776,58.549999,2.88,42.639999,-0.14,2.86,-3.689998,2.816
778,2015/7/27,400.38,2.716,58.450001,2.87,44.779999,-1.05,2.14,4.66,2.773
779,2015/8/3,398.54,2.798,57.150002,2.8,43.439999,-1.84,-1.34,-0.580002,2.822
780,2015/8/10,399.37,2.801,56.299999,2.88,47.720001,0.83,4.280002,2.86,2.77
781,2015/8/17,399.32,2.676,55.900002,2.75,48.080002,-0.05,0.360001,2.14,2.87
782,2015/8/24,399.04,2.715,55.849998,2.69,49.689999,-0.28,1.609997,-1.34,2.776
783,2015/8/31,398.68,2.655,54.5,2.69,48.880001,-0.36,-0.809998,4.280002,2.716
784,2015/9/7,397.96,2.693,53.849998,2.7,49.369999,-0.72,0.489998,0.360001,2.798
785,2015/9/14,397.43,2.605,54.099998,2.7,46.330002,-0.53,-3.039997,1.609997,2.801
786,2015/9/21,397.52,2.564,53.900002,2.61,44.759998,0.09,-1.570004,-0.809998,2.676
787,2015/9/28,397.41,2.451,53.889999,2.49,45.240002,-0.11,0.480004,0.489998,2.715
788,2015/10/5,398.56,2.502,52.400002,2.38,43.130001,1.15,-2.110001,-3.039997,2.655
789,2015/10/12,398.37,2.43,51.900002,2.48,40.060001,-0.19,-3.07,-1.570004,2.693
790,2015/10/19,398.71,2.286,52.150002,2.38,43.02,0.34,2.959999,0.480004,2.605
791,2015/10/26,398.68,2.321,52.549999,2.12,45.740002,-0.03,2.720002,-2.110001,2.564
792,2015/11/2,399.26,2.371,53.299999,2.02,47.049999,0.58,1.309997,-3.07,2.451
793,2015/11/9,400.22,2.361,53.5,2.11,46.98,0.96,-0.069999,2.959999,2.502
794,2015/11/16,400.55,2.145,54.349998,2.09,46.290001,0.33,-0.689999,2.720002,2.43
795,2015/11/23,400.58,2.212,53.799999,2.15,43.299999,0.03,-2.990002,1.309997,2.286
796,2015/11/30,401,2.186,48.650002,2.13,45.93,0.42,2.630001,-0.069999,2.321
797,2015/12/7,401.52,1.99,47.400002,1.96,48.810001,0.52,2.880001,-0.689999,2.371
798,2015/12/14,402.55,1.767,47.75,1.72,49.939999,1.03,1.129998,-2.990002,2.361
799,2015/12/21,402.81,2.029,47.849998,1.68,50.52,0.26,0.580001,2.630001,2.145
800,2015/12/28,402.28,2.337,48.099998,2.27,46.860001,-0.53,-3.659999,2.880001,2.212
801,2016/1/4,402.32,2.472,47.200001,2.38,44.889999,0.04,-1.970002,1.129998,2.186
802,2016/1/11,402.65,2.1,45.400002,2.32,43.32,0.33,-1.569999,0.580001,1.99
803,2016/1/18,402.78,2.139,45.849998,2.2,47.490002,0.13,4.170002,-3.659999,1.767
804,2016/1/25,403.33,2.298,45.75,2.22,47.080002,0.55,-0.41,-1.970002,2.029
805,2016/2/1,404.75,2.063,44.200001,2.11,51.790001,1.42,4.709999,-1.569999,2.337
806,2016/2/8,403.98,1.966,43.549999,2.16,52.830002,-0.77,1.040001,4.170002,2.472
807,2016/2/15,403.85,1.804,43.450001,1.94,52.119999,-0.13,-0.710003,-0.41,2.1
808,2016/2/22,404.59,1.791,43.900002,1.82,51.959999,0.74,-0.16,4.709999,2.139
809,2016/2/29,404.24,1.666,46.349998,1.57,52.75,-0.35,0.790001,1.040001,2.298
810,2016/3/7,404.18,1.822,46.400002,1.64,52.630001,-0.06,-0.119999,-0.710003,2.063
811,2016/3/14,404.97,1.907,46.599998,1.79,53.009998,0.79,0.379997,-0.16,1.966
812,2016/3/21,405.85,1.806,46.200001,1.79,52.93,0.88,-0.079998,0.790001,1.804
813,2016/3/28,405.64,1.956,46.189999,1.86,54.049999,-0.21,1.119999,-0.119999,1.791
814,2016/4/4,406.78,1.99,44.75,1.96,53.200001,1.14,-0.849998,0.379997,1.666
815,2016/4/11,408.91,1.902,45.700001,1.9,48.400002,2.13,-4.799999,-0.079998,1.822
816,2016/4/18,407.64,2.14,45.650002,1.91,48.220001,-1.27,-0.180001,1.119999,1.907
817,2016/4/25,407.9,2.178,45.75,1.92,47.73,0.26,-0.490001,-0.849998,1.806
818,2016/5/2,407.73,2.101,47.349998,1.96,50.240002,-0.17,2.510002,-4.799999,1.956
819,2016/5/9,408.05,2.096,47.900002,2,53.080002,0.32,2.84,-0.180001,1.99
820,2016/5/16,407.49,2.062,47.900002,1.89,52.650002,-0.56,-0.43,-0.490001,1.902
821,2016/5/23,408.51,2.169,48.150002,1.84,49.23,1.02,-3.420002,2.510002,2.14
822,2016/5/30,407.64,2.398,51.700001,2.15,48.84,-0.87,-0.39,2.84,2.178
823,2016/6/6,407.04,2.556,50.549999,2.36,46.43,-0.6,-2.41,-0.43,2.101
824,2016/6/13,407.39,2.623,50.900002,2.59,48.849998,0.35,2.419998,-3.420002,2.096
825,2016/6/20,406.85,2.662,51.549999,2.75,50.73,-0.54,1.880002,-0.39,2.062
826,2016/6/27,406.17,2.987,51.540001,2.89,47.400002,-0.68,-3.329998,-2.41,2.169
827,2016/7/4,405.75,2.801,56.5,2.82,46.080002,-0.42,-1.32,2.419998,2.398
828,2016/7/11,404.68,2.756,58,2.81,44.200001,-1.07,-1.880001,1.880002,2.556
829,2016/7/18,403.59,2.777,56.799999,2.79,43.380001,-1.09,-0.82,-3.329998,2.623
830,2016/7/25,404.04,2.876,57.049999,2.85,43.380001,0.45,0,-1.32,2.662
831,2016/8/1,403.68,2.772,57.75,2.88,44.400002,-0.36,1.020001,-1.880001,2.987
832,2016/8/8,403.08,2.586,61.450001,2.77,46.02,-0.6,1.619998,-0.82,2.801
833,2016/8/15,402.05,2.584,60.099998,2.73,46.34,-1.03,0.32,0,2.756
834,2016/8/22,402.11,2.871,60.25,2.82,50.169998,0.06,3.829998,1.020001,2.777
835,2016/8/29,401.16,2.792,60.23,2.94,49.389999,-0.95,-0.779999,1.619998,2.876
836,2016/9/5,401.18,2.797,60.099998,2.87,47.59,0.02,-1.799999,0.32,2.772
837,2016/9/12,401.47,2.948,61.150002,3.02,47.369999,0.29,-0.220001,3.829998,2.586
838,2016/9/19,401.08,2.955,62.400002,3.11,46.57,-0.39,-0.799999,-0.779999,2.584
839,2016/9/26,400.94,2.906,62.849998,3.01,48.07,-0.14,1.5,-1.799999,2.871
840,2016/10/3,401.13,3.193,76.699997,2.91,49.91,0.19,1.84,-0.220001,2.792
841,2016/10/10,401.78,3.285,75.699997,3.17,52.220001,0.65,2.310001,-0.799999,2.797
842,2016/10/17,401.86,2.993,79.449997,3.14,50.580002,0.08,-1.639999,1.5,2.948
843,2016/10/24,402.35,3.105,79.099998,2.72,49.580002,0.49,-1,1.84,2.955
844,2016/10/31,403,2.767,87.050003,2.5,51.869999,0.65,2.289997,2.310001,2.906
845,2016/11/7,403,2.619,89.300003,2.22,51.900002,0,0.030003,-1.639999,3.193
846,2016/11/14,403.79,2.843,86.5,2.44,54.150002,0.79,2.25,-1,3.285
847,2016/11/21,404.19,3.085,86.800003,2.76,57.349998,0.4,3.199996,2.289997,2.993
848,2016/11/28,404.75,3.436,84.300003,3.21,56.759998,0.56,-0.59,0.030003,3.105
849,2016/12/5,404.09,3.746,85.300003,3.69,56.09,-0.66,-0.669998,2.25,2.767
850,2016/12/12,405.02,3.415,89.300003,3.57,58.110001,0.93,2.020001,3.199996,2.619
851,2016/12/19,404.62,3.662,90.449997,3.51,57.470001,-0.4,-0.64,-0.59,2.843
852,2016/12/26,404.96,3.724,90.099998,3.69,57.990002,0.34,0.520001,-0.669998,3.085
853,2017/1/2,406.14,3.285,85.150002,3.47,57.16,1.18,-0.830002,2.020001,3.436
854,2017/1/9,406.2,3.419,88.449997,3.27,61.73,0.06,4.57,-0.64,3.746
855,2017/1/16,406.41,3.204,89.300003,3.29,63.490002,0.21,1.760002,0.520001,3.415
856,2017/1/23,406.71,3.391,88.5,3.27,65.559998,0.3,2.069996,-0.830002,3.662
857,2017/1/30,406.43,3.063,84.449997,3.12,64.150002,-0.28,-1.409996,4.57,3.724
858,2017/2/6,406.26,3.034,81.150002,3.04,59.290001,-0.17,-4.860001,1.760002,3.285
859,2017/2/13,406.14,2.834,81.849998,2.87,63.91,-0.12,4.619999,2.069996,3.419
860,2017/2/20,407.17,2.627,82.25,2.62,62.57,1.03,-1.34,-1.409996,3.204
861,2017/2/27,407.6,2.827,76.75,2.52,61.360001,0.43,-1.209999,-4.860001,3.391
862,2017/3/6,406.34,3.008,75.400002,2.75,62.060001,-1.26,0.7,4.619999,3.063
863,2017/3/13,407.77,2.948,74.800003,2.96,65.550003,1.43,3.490002,-1.34,3.034
864,2017/3/20,407.02,3.076,74.050003,2.99,63.009998,-0.75,-2.540005,-1.209999,2.834
865,2017/3/27,408.6,3.19,73.349998,3.03,63.419998,1.58,0.41,0.7,2.627
866,2017/4/3,407.84,3.261,76.75,3.18,66.220001,-0.76,2.800003,3.490002,2.827
867,2017/4/10,409.03,3.227,75.550003,3.05,68.639999,1.19,2.419998,-2.540005,3.008
868,2017/4/17,409.84,3.101,75.5,3.1,68.57,0.81,-0.069999,0.41,2.948
869,2017/4/24,410.17,3.276,75.449997,3.09,70.730003,0.33,2.160003,2.800003,3.076
870,2017/5/1,409.39,3.266,73.449997,3.14,70.959999,-0.78,0.229996,2.419998,3.19
871,2017/5/8,409.52,3.424,72.75,3.12,72.239998,0.13,1.279999,-0.069999,3.261
872,2017/5/15,410.6,3.256,74.25,3.21,64.75,1.08,-7.489998,2.160003,3.227
873,2017/5/22,410.2,3.236,74.550003,3.18,66.099998,-0.4,1.349998,0.229996,3.101
874,2017/5/29,409.77,2.999,77.300003,3.03,65.849998,-0.43,-0.25,1.279999,3.276
875,2017/6/5,409.89,3.039,78.599998,2.98,68.080002,0.12,2.230004,-7.489998,3.266
876,2017/6/12,409.63,3.037,78.599998,3.03,73.940002,-0.26,5.86,1.349998,3.424
877,2017/6/19,408.51,2.929,78.900002,2.89,73.849998,-1.12,-0.090004,-0.25,3.256
878,2017/6/26,407.95,3.035,79.150002,3.01,68.059998,-0.56,-5.79,2.230004,3.236
879,2017/7/3,408.28,2.864,85.400002,2.95,67.889999,0.33,-0.169999,5.86,2.999
880,2017/7/10,407.26,2.98,83.300003,2.96,70.129997,-1.02,2.239998,-0.090004,3.039
881,2017/7/17,407.01,2.97,83.599998,3.09,69.010002,-0.25,-1.119995,-5.79,3.037
882,2017/7/24,406.92,2.941,83.449997,2.96,67.199997,-0.09,-1.810005,-0.169999,2.929
883,2017/7/31,406.67,2.774,83.550003,2.8,66.43,-0.25,-0.769997,2.239998,3.035
884,2017/8/7,405.73,2.983,85.099998,2.85,68.870003,-0.94,2.440003,-1.119995,2.864
885,2017/8/14,405.39,2.893,85.550003,2.95,67.540001,-0.34,-1.330002,-1.810005,2.98
886,2017/8/21,404.74,2.892,85.300003,2.97,68.910004,-0.65,1.370003,-0.769997,2.97
887,2017/8/28,404.39,3.07,88.099998,2.93,72.080002,-0.35,3.169998,2.440003,2.941
888,2017/9/4,403.89,2.89,89.849998,2.91,75.300003,-0.5,3.220001,-1.330002,2.774
889,2017/9/11,403.87,3.024,91.699997,2.96,74.290001,-0.02,-1.010002,1.370003,2.983
890,2017/9/18,403.25,2.959,91.800003,3.09,71.779999,-0.62,-2.510002,3.169998,2.893
891,2017/9/25,402.95,3.007,91.349998,2.96,69.169998,-0.3,-2.610001,3.220001,2.892
892,2017/10/2,403.15,2.863,90.949997,2.84,67.040001,0.2,-2.129997,-1.010002,3.07
893,2017/10/9,403.61,3,91.25,2.92,63.099998,0.46,-3.940003,-2.510002,2.89
894,2017/10/16,404.14,2.915,92,2.84,59.93,0.53,-3.169998,-2.610001,3.024
895,2017/10/23,404.19,2.752,92,2.91,56.759998,0.05,-3.170002,-2.129997,2.959
896,2017/10/30,404.34,2.984,94,2.78,51.630001,0.15,-5.129997,-3.940003,3.007
897,2017/11/6,404.44,3.213,94.800003,3.12,52.950001,0.1,1.32,-3.169998,2.863
898,2017/11/13,405.26,3.097,93.650002,3.1,51,0.82,-1.950001,-3.170002,3
899,2017/11/20,406.31,2.813,93.949997,3.05,49.880001,1.05,-1.119999,-5.129997,2.915
900,2017/11/27,406.52,3.061,92.699997,2.94,49.880001,0.21,0,1.32,2.752
901,2017/12/4,406.94,2.772,94.349998,2.84,45.41,0.42,-4.470001,-1.950001,2.984
902,2017/12/11,406.74,2.612,95.099998,2.77,48.52,-0.2,3.11,-1.119999,3.213
903,2017/12/18,406.99,2.667,94.800003,2.69,50.509998,0.25,1.989998,0,3.097
904,2017/12/25,407.41,2.953,94.5,3.03,51.990002,0.42,1.480004,-4.470001,2.813
905,2018/1/1,407.57,2.795,96.400002,5.71,54.560001,0.16,2.569999,3.11,3.061
906,2018/1/8,408.33,3.2,95.650002,3.24,52.41,0.76,-2.150001,1.989998,2.772
907,2018/1/15,408.08,3.185,95.25,4.12,55.48,-0.25,3.07,1.480004,2.612
908,2018/1/22,408.47,3.505,95.25,3.43,56.59,0.39,1.11,2.569999,2.667
909,2018/1/29,408.07,2.846,88.449997,3.3,56.790001,-0.4,0.200001,-2.150001,2.953
910,2018/2/5,408.4,2.584,82.400002,2.75,59.09,0.33,2.299999,3.07,2.795
911,2018/2/12,408.56,2.558,84.699997,2.54,58.82,0.16,-0.27,1.11,3.2
912,2018/2/19,408.65,2.625,85.75,2.62,61.59,0.09,2.77,0.200001,3.185
913,2018/2/26,409.09,2.695,78.949997,2.64,64.400002,0.44,2.810002,2.299999,3.505
914,2018/3/5,410.03,2.732,81.300003,2.74,63.400002,0.94,-1,-0.27,2.846
915,2018/3/12,408.91,2.688,79.900002,2.71,65.699997,-1.12,2.299995,2.77,2.584
916,2018/3/19,409.32,2.591,79.849998,2.66,63.5,0.41,-2.199997,2.810002,2.558
917,2018/3/26,410.22,2.733,79.449997,2.67,62.25,0.9,-1.25,-1,2.625
918,2018/4/2,409.39,2.701,81.099998,2.79,61.040001,-0.83,-1.209999,2.299995,2.695
919,2018/4/9,409.65,2.735,81.900002,2.78,63.099998,0.26,2.059997,-2.199997,2.732
920,2018/4/16,411.26,2.739,81.800003,2.83,53.25,1.61,-9.849998,-1.25,2.688
921,2018/4/23,411.88,2.771,81.800003,2.8,53.259998,0.62,0.009998,-1.209999,2.591
922,2018/4/30,409.86,2.711,85.25,2.75,51.93,-2.02,-1.329998,2.059997,2.733
923,2018/5/7,411.26,2.806,88.400002,2.76,57.900002,1.4,5.970002,-9.849998,2.701
924,2018/5/14,412.07,2.847,89.599998,2.8,59.09,0.81,1.189998,0.009998,2.735
925,2018/5/21,411.65,2.939,89.449997,2.83,57.66,-0.42,-1.43,-1.329998,2.739
926,2018/5/28,411.61,2.962,95.349998,2.88,59.580002,-0.04,1.920002,5.970002,2.771
927,2018/6/4,411.14,2.89,95.5,2.92,56.220001,-0.47,-3.360001,1.189998,2.711
928,2018/6/11,411.36,3.022,96.650002,2.99,56.869999,0.22,0.649998,-1.43,2.806
929,2018/6/18,410.56,2.945,96,2.99,54.689999,-0.8,-2.18,1.920002,2.847
930,2018/6/25,410.76,2.924,96.449997,2.98,54.93,0.2,0.240001,-3.360001,2.939
931,2018/7/2,409.6,2.858,100.099998,2.91,56.209999,-1.16,1.279999,0.649998,2.962
932,2018/7/9,409.35,2.752,101.199997,2.89,53.639999,-0.25,-2.57,-2.18,2.89
933,2018/7/16,408.74,2.757,100.449997,2.78,57.849998,-0.61,4.209999,0.240001,3.022
934,2018/7/23,408.48,2.822,100.800003,2.79,62.900002,-0.26,5.050004,1.279999,2.945
935,2018/7/30,407.65,2.853,94.449997,2.8,58.639999,-0.83,-4.260003,-2.57,2.924
936,2018/8/6,407.42,2.944,97,2.96,54.07,-0.23,-4.569999,4.209999,2.858
937,2018/8/13,407.26,2.946,98.199997,3,52.75,-0.16,-1.32,5.050004,2.752
938,2018/8/20,407.03,2.917,97,3.01,53.59,-0.23,0.84,-4.260003,2.757
939,2018/8/27,406.3,2.916,97.650002,2.97,53.310001,-0.73,-0.279999,-4.569999,2.822
940,2018/9/3,405.68,2.776,99.800003,2.94,55.810001,-0.62,2.5,-1.32,2.853
941,2018/9/10,405.58,2.767,99.550003,2.93,56.540001,-0.1,0.73,0.84,2.944
942,2018/9/17,405.88,2.977,100.199997,3.03,56.860001,0.3,0.32,-0.279999,2.946
943,2018/9/24,405.74,3.008,100.449997,3.06,57.049999,-0.14,0.189998,2.5,2.917
944,2018/10/1,405.69,3.143,101.25,3.23,58.009998,-0.05,0.959999,0.73,2.916
945,2018/10/8,405.77,3.161,99.150002,3.3,55.959999,0.08,-2.049999,0.32,2.776
946,2018/10/15,406.2,3.25,100.400002,3.26,59.02,0.43,3.060001,0.189998,2.767
947,2018/10/22,406.81,3.185,100.300003,3.32,60.209999,0.61,1.189999,0.959999,2.977
948,2018/10/29,406.67,3.284,96.099998,3.28,60.52,-0.14,0.310001,-2.049999,3.008
949,2018/11/5,407.18,3.719,91.75,3.58,61.68,0.51,1.16,3.060001,3.143
950,2018/11/12,408.94,4.272,89.599998,4.23,63.27,1.76,1.59,1.189999,3.161
951,2018/11/19,408.78,4.308,88.25,4.67,58.080002,-0.16,-5.189998,0.310001,3.25
952,2018/11/26,408.58,4.612,88.5,4.43,53.139999,-0.2,-4.940003,1.16,3.185
953,2018/12/3,408.68,4.488,86.550003,4.49,50.110001,0.1,-3.029998,1.59,3.284
954,2018/12/10,409.6,3.827,88.5,4.38,49.57,0.92,-0.540001,-5.189998,3.719
955,2018/12/17,409.51,3.816,88.050003,3.73,51.43,-0.09,1.86,-4.940003,4.272
956,2018/12/24,409.33,3.303,87.449997,3.26,46.75,-0.18,-4.68,-3.029998,4.308
957,2018/12/31,409.8,3.044,83.349998,2.92,31.129999,0.47,-15.620001,-0.540001,4.612
958,2019/1/7,410.86,3.099,82.550003,2.89,28.700001,1.06,-2.429998,1.86,4.488
959,2019/1/14,410.55,3.482,83.199997,3.5,23.360001,-0.31,-5.34,-4.68,3.827
960,2019/1/21,412.19,3.178,81.800003,3.19,20.09,1.64,-3.270001,-15.620001,3.816
961,2019/1/28,411.23,2.734,77.5,2.9,26.08,-0.96,5.99,-2.429998,3.303
962,2019/2/4,411.83,2.583,74.150002,2.59,22.41,0.6,-3.67,-5.34,3.044
963,2019/2/11,412.63,2.625,74.150002,2.65,-37.630001,0.8,-60.040001,-3.270001,3.099
964,2019/2/18,411.19,2.717,74.449997,2.71,12.78,-1.44,50.410001,5.99,3.482
965,2019/2/25,412.62,2.859,74.699997,2.91,20.389999,1.43,7.609999,-3.67,3.178
966,2019/3/4,412.37,2.865,72.349998,3.28,24.139999,-0.25,3.75,-60.040001,2.734
967,2019/3/11,412.37,2.795,71.449997,2.89,31.82,0,7.680001,50.410001,2.583
968,2019/3/18,412.02,2.753,70.75,2.86,35.439999,-0.35,3.619999,7.609999,2.625
969,2019/3/25,411.53,2.662,69.550003,2.71,38.189999,-0.49,2.75,3.75,2.717
970,2019/4/1,412.4,2.664,57,2.7,37.119999,0.87,-1.07,7.680001,2.859
971,2019/4/8,413.35,2.66,59.75,2.72,40.459999,0.95,3.34,3.619999,2.865
972,2019/4/15,413.82,2.49,59.5,2.62,39.700001,0.47,-0.759998,2.75,2.795
973,2019/4/22,413.99,2.566,58.299999,2.56,40.630001,0.17,0.93,-1.07,2.753
974,2019/4/29,414.52,2.567,60.849998,2.59,40.099998,0.53,-0.530003,3.34,2.662
975,2019/5/6,414.54,2.619,59.25,2.6,40.810001,0.02,0.710003,-0.759998,2.664
976,2019/5/13,415.62,2.631,58.400002,2.67,41.599998,1.08,0.789997,0.93,2.66
977,2019/5/20,414.97,2.598,57.599998,2.66,41.009998,-0.65,-0.59,-0.530003,2.49
978,2019/5/27,414.52,2.454,56.450001,2.66,41.939999,-0.45,0.930001,0.710003,2.566
979,2019/6/3,414.62,2.337,52.450001,2.45,42.889999,0.1,0.95,0.789997,2.567
980,2019/6/10,414.31,2.387,49.849998,2.41,42.619999,-0.31,-0.27,-0.59,2.619
981,2019/6/17,414.09,2.186,48.900002,2.4,42.610001,-0.22,-0.009998,0.930001,2.631
982,2019/6/24,413.65,2.308,48.900002,2.34,37.259998,-0.44,-5.350003,0.95,2.598
983,2019/7/1,413.66,2.418,56.299999,2.31,39.310001,0.01,2.050003,-0.27,2.454
984,2019/7/8,412.32,2.453,57.849998,2.47,40.599998,-1.34,1.289997,-0.009998,2.337
985,2019/7/15,412.38,2.251,58.349998,2.44,39.220001,0.06,-1.379997,-5.350003,2.387
986,2019/7/22,411.08,2.169,58.349998,2.3,39.43,-1.3,0.209999,2.050003,2.186
987,2019/7/29,410.29,2.121,58,2.24,40.830002,-0.79,1.400002,1.289997,2.308
988,2019/8/5,410.56,2.119,56.25,2.11,38.560001,0.27,-2.270001,-1.379997,2.418
989,2019/8/12,410.5,2.2,55.900002,2.21,36.810001,-0.06,-1.75,0.209999,2.453
990,2019/8/19,409.8,2.152,55.299999,2.27,40.290001,-0.7,3.48,1.400002,2.251
991,2019/8/26,409.68,2.285,54.25,2.28,41.34,-0.12,1.049999,-2.270001,2.169
992,2019/9/2,409.07,2.496,57.650002,2.46,43.060001,-0.61,1.720001,-1.75,2.121
993,2019/9/9,408.84,2.614,60.950001,2.64,45.34,-0.23,2.279999,3.48,2.119
994,2019/9/16,408.74,2.534,61.25,2.63,45.759998,-0.1,0.419998,1.049999,2.2
995,2019/9/23,408.55,2.404,60.349998,2.52,46.990002,-0.19,1.230004,1.720001,2.152
996,2019/9/30,408.2,2.352,59.700001,2.33,47.740002,-0.35,0.75,2.279999,2.285
997,2019/10/7,408.61,2.214,60.700001,2.26,47.619999,0.41,-0.120003,0.419998,2.496
998,2019/10/14,408.85,2.32,60.150002,2.25,47.619999,0.24,0,1.230004,2.614
999,2019/10/21,408.95,2.3,59.799999,2.25,52.25,0.1,4.630001,0.75,2.534
1000,2019/10/28,409.52,2.714,57.049999,2.62,52.77,0.57,0.52,-0.120003,2.404
1001,2019/11/4,410.13,2.789,55.75,2.82,56.9020006,0.61,4.1320006,0,2.352
1002,2019/11/11,410.42,2.688,55.900002,2.73,57.054,0.29,0.1519994,4.630001,2.214
1003,2019/11/18,410.41,2.665,56,2.58,57.1440002,-0.01,0.0900002,0.52,2.32
1004,2019/11/25,410.95,2.281,56.049999,2.49,58.17666633,0.54,1.03266613,4.1320006,2.3
1005,2019/12/2,411.29,2.334,54.200001,2.38,57.6239996,0.34,-0.55266673,0.1519994,2.714
1006,2019/12/9,411.55,2.296,53.650002,2.24,59.254,0.26,1.6300004,0.0900002,2.789
1007,2019/12/16,412.11,2.328,53.349998,2.28,60.7479996,0.56,1.4939996,1.03266613,2.688
1008,2019/12/23,412.43,2.158,53.650002,2.03,61.306667,0.32,0.5586674,-0.55266673,2.665
1009,2019/12/30,413.21,2.13,52.849998,2.05,61.7425,0.78,0.435833,1.6300004,2.281
1010,2020/1/6,413.6,2.202,53,2.09,60.8360008,0.39,-0.9064992,1.4939996,2.334
1011,2020/1/13,413.02,2.003,50.599998,2.06,58.2360008,-0.58,-2.6,0.5586674,2.296
1012,2020/1/20,413.87,1.893,50.25,1.93,56.21500025,0.85,-2.02100055,0.435833,2.328
1013,2020/1/27,414.26,1.841,50.400002,1.95,52.7300002,0.39,-3.48500005,-0.9064992,2.158
1014,2020/2/3,414.53,1.858,48.25,1.89,50.3480006,0.27,-2.3819996,-2.6,2.13
1015,2020/2/10,414.63,1.837,50.5,1.9,50.8299988,0.1,0.4819982,-2.02100055,2.202
1016,2020/2/17,414.29,1.905,48.349998,2,53.125,-0.34,2.2950012,-3.48500005,2.003
1017,2020/2/24,413.95,1.684,48.299999,1.88,48.382,-0.34,-4.743,-2.3819996,1.893
1018,2020/3/2,414.09,1.708,47.099998,1.8,43.39833333,0.14,-4.98366667,0.4819982,1.841
1019,2020/3/9,414.34,1.869,46.599998,1.86,32.01499983,0.25,-11.3833335,2.2950012,1.858
1020,2020/3/16,414.51,1.604,47.450001,1.82,24.17000033,0.17,-7.8449995,-4.743,1.837
1021,2020/3/23,415.78,1.634,47.900002,1.74,22.72000017,1.27,-1.45000016,-4.98366667,1.905
1022,2020/3/30,415.98,1.621,46.450001,1.63,22.9079998,0.2,0.18799963,-11.3833335,1.684
1023,2020/4/6,416.68,1.733,46.75,1.77,24.1379996,0.7,1.2299998,-7.8449995,1.708
1024,2020/4/13,416.51,1.753,45.599998,1.72,19.58666717,-0.17,-4.55133243,-1.45000016,1.869
1025,2020/4/20,416.12,1.746,44.950001,1.85,6.0266665,-0.39,-13.56000067,0.18799963,1.604
1026,2020/4/27,417.05,1.89,39.75,1.71,16.23833333,0.93,10.21166683,1.2299998,1.634
1027,2020/5/4,417.06,1.823,40.049999,1.84,23.6499995,0.01,7.41166617,-4.55133243,1.621
1028,2020/5/11,417.03,1.646,39,1.63,27.07666667,-0.03,3.42666717,-13.56000067,1.733
1029,2020/5/18,417.21,1.731,38.650002,1.78,32.985,0.18,5.90833333,10.21166683,1.753
1030,2020/5/25,417.67,1.849,38.599998,1.76,34.326,0.46,1.341,7.41166617,1.746
1031,2020/6/1,417.44,1.782,46.150002,1.7,37.81000017,-0.23,3.48400017,3.42666717,1.89
1032,2020/6/8,416.58,1.731,44.700001,1.7,37.47166567,-0.86,-0.3383345,5.90833333,1.823
1033,2020/6/15,416.5,1.669,45,1.52,38.6366665,-0.08,1.16500083,1.341,1.646
1034,2020/6/22,416.28,1.495,45.599998,1.57,38.98333283,-0.22,0.34666633,3.48400017,1.731
1035,2020/6/29,415.67,1.734,50.849998,1.71,39.9640008,-0.61,0.98066797,-0.3383345,1.849
1036,2020/7/6,415.47,1.805,48.849998,1.78,40.4216665,-0.2,0.4576657,1.16500083,1.782
1037,2020/7/13,414.76,1.718,49.299999,1.77,40.59499983,-0.71,0.17333333,0.34666633,1.731
1038,2020/7/20,414.11,1.808,49.549999,1.72,41.35666733,-0.65,0.7616675,0.98066797,1.669
1039,2020/7/27,413.45,1.799,49.900002,1.82,40.70333267,-0.66,-0.65333466,0.4576657,1.495
1040,2020/8/3,413.4,2.238,50.849998,2.13,41.61166633,-0.05,0.90833366,0.17333333,1.734
1041,2020/8/10,412.98,2.356,49.400002,2.17,42.123333,-0.42,0.51166667,0.7616675,1.805
1042,2020/8/17,412.62,2.448,48.75,2.39,42.6833335,-0.36,0.5600005,-0.65333466,1.718
1043,2020/8/24,412.19,2.657,49.049999,2.52,43.0699995,-0.43,0.386666,0.90833366,1.808
1044,2020/8/31,411.82,2.588,51.5,2.16,41.6039992,-0.37,-1.4660003,0.51166667,1.799
1045,2020/9/7,411.6,2.269,51.75,2.16,37.3599995,-0.22,-4.2439997,0.5600005,2.238
1046,2020/9/14,411.7,2.048,52.049999,1.93,39.5559998,0.1,2.1960003,0.386666,2.356
1047,2020/9/21,411.23,2.139,52.299999,1.68,39.88,-0.47,0.3240002,-1.4660003,2.448
1048,2020/9/28,411.29,2.438,56.400002,1.65,39.176,0.06,-0.704,-4.2439997,2.657
1049,2020/10/5,411.28,2.741,57.599998,1.91,40.3259994,-0.01,1.1499994,2.1960003,2.588
1050,2020/10/12,411.35,2.773,56.900002,2.17,40.5020004,0.07,0.176001,0.3240002,2.269
1051,2020/10/19,411.75,2.971,56.799999,2.74,40.5619994,0.4,0.059999,-0.704,2.048
1052,2020/10/26,411.71,3.354,56.349998,3.09,37.4959998,-0.04,-3.0659996,1.1499994,2.139
1053,2020/11/2,411.99,2.888,50.900002,2.78,37.9100006,0.28,0.4140008,0.176001,2.438
1054,2020/11/9,412.98,2.995,52.799999,2.75,40.8700006,0.99,2.96,0.059999,2.741
1055,2020/11/16,412.76,2.65,52.900002,2.39,41.6960008,-0.22,0.8260002,-3.0659996,2.773
1056,2020/11/23,414.07,2.843,53.799999,2.39,44.56,1.31,2.8639992,0.4140008,2.971
1057,2020/11/30,413.97,2.575,63.099998,2.69,45.413999,-0.1,0.853999,2.96,3.354
1058,2020/12/7,413.63,2.591,65.150002,2.44,46.045999,-0.34,0.632,0.8260002,2.888
1059,2020/12/14,414.15,2.7,66,2.7,47.978,0.52,1.932001,2.8639992,2.995
1060,2020/12/21,414.84,2.518,66.199997,2.72,47.626667,0.69,-0.351333,0.853999,2.65
1061,2020/12/28,415.33,2.539,66.220001,2.38,48.13500025,0.49,0.50833325,0.632,2.843
1062,2021/1/4,415.38,2.7,68.5,2.74,50.2500008,0.05,2.11500055,1.932001,2.575
1063,2021/1/11,415.07,2.737,68.400002,2.82,52.86,-0.31,2.6099992,-0.351333,2.591
1064,2021/1/18,415.42,2.446,67.550003,2.54,52.90500075,0.35,0.04500075,0.50833325,2.7
1065,2021/1/25,416.01,2.564,67.800003,2.71,52.6900005,0.59,-0.21500025,2.11500055,2.518
1066,2021/1/25,416.01,2.564,66.5,3.12,61.62044139,0,8.93044089,2.6099992,2.539
1067,2021/1/25,416.01,2.564,67,3.12,61.62044139,0,0,0.04500075,2.7
1068,2021/1/25,416.01,2.564,66,3.12,61.62044139,0,0,-0.21500025,2.737
